index_name,date,close_value,daily_return
NIFTY 50 TRI,01-01-2024,23047.82,-0.3905
NIFTY 50 TRI,02-01-2024,23194.92,1.9691
NIFTY 50 TRI,03-01-2024,22868.68,-0.6786
NIFTY 50 TRI,04-01-2024,22688.04,1.654
NIFTY 50 TRI,05-01-2024,22718.79,1.4101
NIFTY 50 TRI,08-01-2024,23444.95,-0.1528
NIFTY 50 TRI,09-01-2024,23616.51,0.5378
NIFTY 50 TRI,10-01-2024,23793.41,0.8428
NIFTY 50 TRI,11-01-2024,23599.83,0.122
NIFTY 50 TRI,12-01-2024,23586.75,0.4341
NIFTY 50 TRI,15-01-2024,23748.18,1.3638
NIFTY 50 TRI,16-01-2024,23807.5,0.1392
NIFTY 50 TRI,17-01-2024,23571.82,-0.5835
NIFTY 50 TRI,18-01-2024,23858.24,-0.4389
NIFTY 50 TRI,19-01-2024,23740.06,1.2837
NIFTY 50 TRI,22-01-2024,24080.7,-0.6676
NIFTY 50 TRI,23-01-2024,24052.46,-0.575
NIFTY 50 TRI,24-01-2024,24201.42,0.633
NIFTY 50 TRI,25-01-2024,24040.84,-0.4528
NIFTY 50 TRI,26-01-2024,23651.94,-0.2567
NIFTY 50 TRI,29-01-2024,23810.39,-0.3331
NIFTY 50 TRI,30-01-2024,23987.97,0.2437
NIFTY 50 TRI,31-01-2024,24077.93,-0.9001
NIFTY 50 TRI,01-02-2024,23609.12,-0.4628
NIFTY 50 TRI,02-02-2024,23754.72,0.4654
NIFTY 50 TRI,05-02-2024,23639.85,0.1444
NIFTY 50 TRI,06-02-2024,23441.44,-0.2045
NIFTY 50 TRI,07-02-2024,23277.96,0.424
NIFTY 50 TRI,08-02-2024,23048.34,0.6366
NIFTY 50 TRI,09-02-2024,23059.39,-0.5719
NIFTY 50 TRI,12-02-2024,23140.86,0.9089
NIFTY 50 TRI,13-02-2024,22970.44,0.2045
NIFTY 50 TRI,14-02-2024,22807.76,0.5558
NIFTY 50 TRI,15-02-2024,22714.14,0.0208
NIFTY 50 TRI,16-02-2024,22867.68,-0.2985
NIFTY 50 TRI,19-02-2024,23808.79,-0.3216
NIFTY 50 TRI,20-02-2024,23694.97,-0.2735
NIFTY 50 TRI,21-02-2024,23389.37,0.3861
NIFTY 50 TRI,22-02-2024,23279.74,0.4578
NIFTY 50 TRI,23-02-2024,23380.59,1.0876
NIFTY 50 TRI,26-02-2024,23398.92,0.1737
NIFTY 50 TRI,27-02-2024,23535.05,0.6602
NIFTY 50 TRI,28-02-2024,23429.57,0.0269
NIFTY 50 TRI,29-02-2024,23838.03,1.3135
NIFTY 50 TRI,01-03-2024,23745.4,2.1849
NIFTY 50 TRI,04-03-2024,23485.34,-0.4199
NIFTY 50 TRI,05-03-2024,23220.0,-0.4229
NIFTY 50 TRI,06-03-2024,22915.68,0.1601
NIFTY 50 TRI,07-03-2024,22912.4,0.9757
NIFTY 50 TRI,08-03-2024,22972.58,0.0906
NIFTY 50 TRI,11-03-2024,22663.08,0.2898
NIFTY 50 TRI,12-03-2024,22414.01,0.5387
NIFTY 50 TRI,13-03-2024,22361.3,-0.7048
NIFTY 50 TRI,14-03-2024,22479.51,-0.5312
NIFTY 50 TRI,15-03-2024,22330.46,-0.6931
NIFTY 50 TRI,18-03-2024,21764.41,0.8271
NIFTY 50 TRI,19-03-2024,21687.3,-0.5451
NIFTY 50 TRI,20-03-2024,21412.16,0.2827
NIFTY 50 TRI,21-03-2024,21419.93,1.0058
NIFTY 50 TRI,22-03-2024,21583.06,0.0024
NIFTY 50 TRI,25-03-2024,21588.66,-0.6646
NIFTY 50 TRI,26-03-2024,21551.8,-0.2301
NIFTY 50 TRI,27-03-2024,21507.03,1.3445
NIFTY 50 TRI,28-03-2024,21472.27,-0.2302
NIFTY 50 TRI,29-03-2024,21711.83,1.0947
NIFTY 50 TRI,01-04-2024,22278.68,0.4429
NIFTY 50 TRI,02-04-2024,22093.7,0.4243
NIFTY 50 TRI,03-04-2024,21933.18,0.8251
NIFTY 50 TRI,04-04-2024,21982.18,0.9712
NIFTY 50 TRI,05-04-2024,22109.0,-0.0164
NIFTY 50 TRI,08-04-2024,22096.05,-0.2392
NIFTY 50 TRI,09-04-2024,21936.14,-0.5345
NIFTY 50 TRI,10-04-2024,21598.4,-0.2809
NIFTY 50 TRI,11-04-2024,21614.0,0.0904
NIFTY 50 TRI,12-04-2024,21490.64,0.3732
NIFTY 50 TRI,15-04-2024,21787.58,0.4955
NIFTY 50 TRI,16-04-2024,21640.6,-0.7309
NIFTY 50 TRI,17-04-2024,21885.29,0.6945
NIFTY 50 TRI,18-04-2024,22081.05,-0.9144
NIFTY 50 TRI,19-04-2024,22315.82,0.0504
NIFTY 50 TRI,22-04-2024,22508.68,0.5189
NIFTY 50 TRI,23-04-2024,22316.98,-1.8198
NIFTY 50 TRI,24-04-2024,22679.17,-0.1662
NIFTY 50 TRI,25-04-2024,22812.75,0.4742
NIFTY 50 TRI,26-04-2024,23033.52,-1.2238
NIFTY 50 TRI,29-04-2024,23573.12,1.1123
NIFTY 50 TRI,30-04-2024,23876.7,-1.0202
NIFTY 50 TRI,01-05-2024,23953.5,0.7371
NIFTY 50 TRI,02-05-2024,23746.81,1.1273
NIFTY 50 TRI,03-05-2024,23885.34,-0.2328
NIFTY 50 TRI,06-05-2024,24286.47,-1.0589
NIFTY 50 TRI,07-05-2024,24018.57,0.4535
NIFTY 50 TRI,08-05-2024,24229.77,-0.447
NIFTY 50 TRI,09-05-2024,24100.65,-0.0425
NIFTY 50 TRI,10-05-2024,24287.27,-0.3793
NIFTY 50 TRI,13-05-2024,24144.19,0.9538
NIFTY 50 TRI,14-05-2024,24280.23,-1.1406
NIFTY 50 TRI,15-05-2024,24331.95,0.5645
NIFTY 50 TRI,16-05-2024,23967.2,-1.0593
NIFTY 50 TRI,17-05-2024,24127.73,-0.0447
NIFTY 50 TRI,20-05-2024,24081.6,0.3962
NIFTY 50 TRI,21-05-2024,23957.62,-1.3977
NIFTY 50 TRI,22-05-2024,24033.86,0.802
NIFTY 50 TRI,23-05-2024,24038.78,1.0808
NIFTY 50 TRI,24-05-2024,23803.76,1.8329
NIFTY 50 TRI,27-05-2024,23885.19,0.2025
NIFTY 50 TRI,28-05-2024,23917.69,0.6374
NIFTY 50 TRI,29-05-2024,23757.44,1.2903
NIFTY 50 TRI,30-05-2024,23829.22,0.1015
NIFTY 50 TRI,31-05-2024,23568.79,0.3159
NIFTY 50 TRI,03-06-2024,23814.41,0.1221
NIFTY 50 TRI,04-06-2024,23940.34,0.8913
NIFTY 50 TRI,05-06-2024,24083.98,0.8684
NIFTY 50 TRI,06-06-2024,24327.14,-0.1814
NIFTY 50 TRI,07-06-2024,24336.83,0.0448
NIFTY 50 TRI,10-06-2024,24397.72,-1.374
NIFTY 50 TRI,11-06-2024,24288.65,0.2461
NIFTY 50 TRI,12-06-2024,24371.01,-1.0572
NIFTY 50 TRI,13-06-2024,24211.54,-0.1695
NIFTY 50 TRI,14-06-2024,23981.0,0.9673
NIFTY 50 TRI,17-06-2024,24060.22,0.0765
NIFTY 50 TRI,18-06-2024,24012.62,0.595
NIFTY 50 TRI,19-06-2024,23898.02,-0.4101
NIFTY 50 TRI,20-06-2024,23814.52,-0.1085
NIFTY 50 TRI,21-06-2024,23915.17,0.4431
NIFTY 50 TRI,24-06-2024,24128.28,1.3229
NIFTY 50 TRI,25-06-2024,23995.8,-0.3209
NIFTY 50 TRI,26-06-2024,23932.56,0.1869
NIFTY 50 TRI,27-06-2024,23853.07,0.17
NIFTY 50 TRI,28-06-2024,23848.16,-0.7679
NIFTY 50 TRI,01-07-2024,24315.22,-0.0196
NIFTY 50 TRI,02-07-2024,24391.8,0.1675
NIFTY 50 TRI,03-07-2024,24412.59,0.3271
NIFTY 50 TRI,04-07-2024,24441.84,0.2251
NIFTY 50 TRI,05-07-2024,24615.71,-0.028
NIFTY 50 TRI,08-07-2024,24175.38,-1.4657
NIFTY 50 TRI,09-07-2024,24210.35,-0.2575
NIFTY 50 TRI,10-07-2024,24091.23,-0.3393
NIFTY 50 TRI,11-07-2024,24199.21,-0.3674
NIFTY 50 TRI,12-07-2024,24184.63,0.804
NIFTY 50 TRI,15-07-2024,25045.36,-0.1112
NIFTY 50 TRI,16-07-2024,24751.8,-0.4031
NIFTY 50 TRI,17-07-2024,24748.46,0.3038
NIFTY 50 TRI,18-07-2024,24612.62,0.0832
NIFTY 50 TRI,19-07-2024,24323.6,0.1843
NIFTY 50 TRI,22-07-2024,24361.51,0.0698
NIFTY 50 TRI,23-07-2024,24240.49,0.3465
NIFTY 50 TRI,24-07-2024,24168.2,1.415
NIFTY 50 TRI,25-07-2024,24623.18,0.272
NIFTY 50 TRI,26-07-2024,24547.57,0.6861
NIFTY 50 TRI,29-07-2024,24839.6,-0.3584
NIFTY 50 TRI,30-07-2024,24875.17,0.8024
NIFTY 50 TRI,31-07-2024,24988.97,1.7984
NIFTY 50 TRI,01-08-2024,25189.02,-0.3137
NIFTY 50 TRI,02-08-2024,24876.43,0.4248
NIFTY 50 TRI,05-08-2024,25472.91,-0.374
NIFTY 50 TRI,06-08-2024,25534.31,-0.3556
NIFTY 50 TRI,07-08-2024,25628.93,1.4778
NIFTY 50 TRI,08-08-2024,25420.74,-0.4901
NIFTY 50 TRI,09-08-2024,25537.53,0.0996
NIFTY 50 TRI,12-08-2024,25017.35,-0.7143
NIFTY 50 TRI,13-08-2024,25159.23,0.2855
NIFTY 50 TRI,14-08-2024,24810.73,1.2304
NIFTY 50 TRI,15-08-2024,25118.95,-1.6688
NIFTY 50 TRI,16-08-2024,24910.34,-0.6608
NIFTY 50 TRI,19-08-2024,25152.4,-0.7666
NIFTY 50 TRI,20-08-2024,24776.05,0.8061
NIFTY 50 TRI,21-08-2024,24975.38,1.2753
NIFTY 50 TRI,22-08-2024,24875.06,-0.6791
NIFTY 50 TRI,23-08-2024,24774.31,1.3848
NIFTY 50 TRI,26-08-2024,24871.0,1.1706
NIFTY 50 TRI,27-08-2024,24747.15,0.0959
NIFTY 50 TRI,28-08-2024,24550.01,-1.6687
NIFTY 50 TRI,29-08-2024,24890.27,0.6133
NIFTY 50 TRI,30-08-2024,25031.76,1.3054
NIFTY 50 TRI,02-09-2024,24580.92,1.2472
NIFTY 50 TRI,03-09-2024,24799.1,-0.2024
NIFTY 50 TRI,04-09-2024,24950.04,0.2188
NIFTY 50 TRI,05-09-2024,24862.04,-0.6033
NIFTY 50 TRI,06-09-2024,24656.73,0.4218
NIFTY 50 TRI,09-09-2024,24582.12,-0.199
NIFTY 50 TRI,10-09-2024,24429.77,0.029
NIFTY 50 TRI,11-09-2024,24397.12,0.1891
NIFTY 50 TRI,12-09-2024,24512.51,-0.4003
NIFTY 50 TRI,13-09-2024,24562.66,0.6096
NIFTY 50 TRI,16-09-2024,24272.94,0.2778
NIFTY 50 TRI,17-09-2024,24571.72,0.4162
NIFTY 50 TRI,18-09-2024,24804.93,-0.2929
NIFTY 50 TRI,19-09-2024,24707.0,-0.5641
NIFTY 50 TRI,20-09-2024,24833.48,0.8263
NIFTY 50 TRI,23-09-2024,24626.49,0.9179
NIFTY 50 TRI,24-09-2024,24804.37,0.0453
NIFTY 50 TRI,25-09-2024,24955.2,0.6747
NIFTY 50 TRI,26-09-2024,24909.35,-0.6756
NIFTY 50 TRI,27-09-2024,25061.36,-0.3445
NIFTY 50 TRI,30-09-2024,25416.57,0.4648
NIFTY 50 TRI,01-10-2024,25269.17,-0.2807
NIFTY 50 TRI,02-10-2024,25336.63,-0.52
NIFTY 50 TRI,03-10-2024,25509.07,-0.639
NIFTY 50 TRI,04-10-2024,25190.95,0.9442
NIFTY 50 TRI,07-10-2024,25075.87,0.4454
NIFTY 50 TRI,08-10-2024,24900.11,0.2449
NIFTY 50 TRI,09-10-2024,25230.66,0.4209
NIFTY 50 TRI,10-10-2024,25159.51,0.2844
NIFTY 50 TRI,11-10-2024,24660.08,-0.4945
NIFTY 50 TRI,14-10-2024,24956.51,-0.5254
NIFTY 50 TRI,15-10-2024,24859.58,1.3019
NIFTY 50 TRI,16-10-2024,24950.44,-0.5655
NIFTY 50 TRI,17-10-2024,24933.68,0.1424
NIFTY 50 TRI,18-10-2024,24892.02,-0.2305
NIFTY 50 TRI,21-10-2024,24013.71,0.4282
NIFTY 50 TRI,22-10-2024,24030.74,0.7841
NIFTY 50 TRI,23-10-2024,23782.72,0.3361
NIFTY 50 TRI,24-10-2024,23892.34,-0.0247
NIFTY 50 TRI,25-10-2024,23825.88,-1.0331
NIFTY 50 TRI,28-10-2024,24152.61,-1.6911
NIFTY 50 TRI,29-10-2024,24488.22,-1.5731
NIFTY 50 TRI,30-10-2024,24437.98,-0.6057
NIFTY 50 TRI,31-10-2024,24446.68,0.6519
NIFTY 50 TRI,01-11-2024,24365.44,1.7755
NIFTY 50 TRI,04-11-2024,24336.49,1.0952
NIFTY 50 TRI,05-11-2024,24201.92,1.1324
NIFTY 50 TRI,06-11-2024,24073.56,2.1965
NIFTY 50 TRI,07-11-2024,24158.66,-0.1218
NIFTY 50 TRI,08-11-2024,24028.62,1.3668
NIFTY 50 TRI,11-11-2024,24295.64,0.0371
NIFTY 50 TRI,12-11-2024,24230.49,0.8325
NIFTY 50 TRI,13-11-2024,24186.06,1.2892
NIFTY 50 TRI,14-11-2024,24223.16,-0.7581
NIFTY 50 TRI,15-11-2024,24390.39,1.2516
NIFTY 50 TRI,18-11-2024,24385.12,1.0772
NIFTY 50 TRI,19-11-2024,24550.3,-0.4234
NIFTY 50 TRI,20-11-2024,24377.59,-0.6782
NIFTY 50 TRI,21-11-2024,24518.2,-1.1629
NIFTY 50 TRI,22-11-2024,24661.07,-0.3176
NIFTY 50 TRI,25-11-2024,25000.19,-0.5871
NIFTY 50 TRI,26-11-2024,24924.25,-0.3035
NIFTY 50 TRI,27-11-2024,24753.42,-0.7596
NIFTY 50 TRI,28-11-2024,24821.93,0.1203
NIFTY 50 TRI,29-11-2024,25058.08,1.2366
NIFTY 50 TRI,02-12-2024,25148.87,1.3069
NIFTY 50 TRI,03-12-2024,25303.45,-1.1175
NIFTY 50 TRI,04-12-2024,25276.23,-0.5386
NIFTY 50 TRI,05-12-2024,25557.02,1.5408
NIFTY 50 TRI,06-12-2024,25573.7,-0.042
NIFTY 50 TRI,09-12-2024,25931.01,0.1545
NIFTY 50 TRI,10-12-2024,26119.97,-0.0598
NIFTY 50 TRI,11-12-2024,26100.85,0.7282
NIFTY 50 TRI,12-12-2024,26183.0,0.3528
NIFTY 50 TRI,13-12-2024,25838.05,0.7686
NIFTY 50 TRI,16-12-2024,25690.29,0.5555
NIFTY 50 TRI,17-12-2024,25894.08,-0.5286
NIFTY 50 TRI,18-12-2024,26061.74,0.211
NIFTY 50 TRI,19-12-2024,26314.31,-0.8966
NIFTY 50 TRI,20-12-2024,26149.3,0.9669
NIFTY 50 TRI,23-12-2024,26209.5,-2.0055
NIFTY 50 TRI,24-12-2024,26230.74,0.6077
NIFTY 50 TRI,25-12-2024,26634.93,-0.1933
NIFTY 50 TRI,26-12-2024,26988.53,-1.3196
NIFTY 50 TRI,27-12-2024,26862.13,0.3536
NIFTY 50 TRI,30-12-2024,26831.23,-1.3688
NIFTY 100 TRI,01-01-2024,8871.72,1.1188
NIFTY 100 TRI,02-01-2024,9048.29,-1.9006
NIFTY 100 TRI,03-01-2024,8950.47,0.5179
NIFTY 100 TRI,04-01-2024,8969.13,-0.2434
NIFTY 100 TRI,05-01-2024,8958.85,0.3349
NIFTY 100 TRI,08-01-2024,9063.29,1.0521
NIFTY 100 TRI,09-01-2024,9198.55,0.2563
NIFTY 100 TRI,10-01-2024,9237.23,-1.3259
NIFTY 100 TRI,11-01-2024,9223.48,-0.7366
NIFTY 100 TRI,12-01-2024,9314.16,1.5481
NIFTY 100 TRI,15-01-2024,9222.11,-0.0471
NIFTY 100 TRI,16-01-2024,9160.99,0.7397
NIFTY 100 TRI,17-01-2024,9141.68,1.308
NIFTY 100 TRI,18-01-2024,9204.01,-0.2654
NIFTY 100 TRI,19-01-2024,9161.23,0.7311
NIFTY 100 TRI,22-01-2024,8993.31,-0.669
NIFTY 100 TRI,23-01-2024,9142.14,-0.0287
NIFTY 100 TRI,24-01-2024,9102.33,-1.7981
NIFTY 100 TRI,25-01-2024,9190.26,0.424
NIFTY 100 TRI,26-01-2024,9189.35,-0.1782
NIFTY 100 TRI,29-01-2024,9273.37,-0.383
NIFTY 100 TRI,30-01-2024,9289.45,-1.7653
NIFTY 100 TRI,31-01-2024,9245.8,-0.3041
NIFTY 100 TRI,01-02-2024,9191.88,-0.1769
NIFTY 100 TRI,02-02-2024,9244.05,-0.1125
NIFTY 100 TRI,05-02-2024,9227.73,0.7501
NIFTY 100 TRI,06-02-2024,9276.58,0.8512
NIFTY 100 TRI,07-02-2024,9269.88,-2.0995
NIFTY 100 TRI,08-02-2024,9236.18,-0.9683
NIFTY 100 TRI,09-02-2024,9247.73,0.5408
NIFTY 100 TRI,12-02-2024,9175.46,0.4967
NIFTY 100 TRI,13-02-2024,9105.44,-0.5591
NIFTY 100 TRI,14-02-2024,9020.62,0.2232
NIFTY 100 TRI,15-02-2024,9133.62,-0.4456
NIFTY 100 TRI,16-02-2024,9109.02,0.4299
NIFTY 100 TRI,19-02-2024,9036.89,-0.7249
NIFTY 100 TRI,20-02-2024,8945.16,0.8466
NIFTY 100 TRI,21-02-2024,8938.56,-0.6293
NIFTY 100 TRI,22-02-2024,9016.6,0.0434
NIFTY 100 TRI,23-02-2024,8935.66,-0.9001
NIFTY 100 TRI,26-02-2024,8909.51,-0.9816
NIFTY 100 TRI,27-02-2024,8808.56,-0.1642
NIFTY 100 TRI,28-02-2024,8858.48,-0.3648
NIFTY 100 TRI,29-02-2024,9036.01,1.77
NIFTY 100 TRI,01-03-2024,9031.76,-0.6604
NIFTY 100 TRI,04-03-2024,9021.08,0.3866
NIFTY 100 TRI,05-03-2024,9028.94,-1.4247
NIFTY 100 TRI,06-03-2024,9167.93,-0.5808
NIFTY 100 TRI,07-03-2024,9164.53,0.6005
NIFTY 100 TRI,08-03-2024,9178.99,0.1856
NIFTY 100 TRI,11-03-2024,9180.34,0.8006
NIFTY 100 TRI,12-03-2024,9171.68,1.0331
NIFTY 100 TRI,13-03-2024,9292.06,-0.0963
NIFTY 100 TRI,14-03-2024,9368.6,0.2632
NIFTY 100 TRI,15-03-2024,9461.13,-0.1445
NIFTY 100 TRI,18-03-2024,9491.79,0.3935
NIFTY 100 TRI,19-03-2024,9430.63,-0.4028
NIFTY 100 TRI,20-03-2024,9462.63,0.0899
NIFTY 100 TRI,21-03-2024,9405.14,-0.0786
NIFTY 100 TRI,22-03-2024,9449.23,-0.5612
NIFTY 100 TRI,25-03-2024,9455.52,-0.0661
NIFTY 100 TRI,26-03-2024,9453.4,0.7571
NIFTY 100 TRI,27-03-2024,9485.01,-0.3659
NIFTY 100 TRI,28-03-2024,9566.64,-1.102
NIFTY 100 TRI,29-03-2024,9472.29,0.2794
NIFTY 100 TRI,01-04-2024,9559.95,0.1136
NIFTY 100 TRI,02-04-2024,9636.63,-0.4149
NIFTY 100 TRI,03-04-2024,9529.59,0.5531
NIFTY 100 TRI,04-04-2024,9476.87,0.3449
NIFTY 100 TRI,05-04-2024,9415.44,-0.1237
NIFTY 100 TRI,08-04-2024,9279.27,0.3569
NIFTY 100 TRI,09-04-2024,9272.09,0.4469
NIFTY 100 TRI,10-04-2024,9209.08,-0.5899
NIFTY 100 TRI,11-04-2024,9120.16,-0.7544
NIFTY 100 TRI,12-04-2024,9110.72,-0.1376
NIFTY 100 TRI,15-04-2024,9244.39,-0.1941
NIFTY 100 TRI,16-04-2024,9178.53,1.156
NIFTY 100 TRI,17-04-2024,9214.66,-2.2018
NIFTY 100 TRI,18-04-2024,9224.57,0.7159
NIFTY 100 TRI,19-04-2024,9189.43,0.2976
NIFTY 100 TRI,22-04-2024,9189.77,0.3586
NIFTY 100 TRI,23-04-2024,9189.26,0.3746
NIFTY 100 TRI,24-04-2024,9151.22,0.3453
NIFTY 100 TRI,25-04-2024,9117.89,-1.452
NIFTY 100 TRI,26-04-2024,9124.24,0.0652
NIFTY 100 TRI,29-04-2024,9110.49,0.4881
NIFTY 100 TRI,30-04-2024,9082.94,0.0904
NIFTY 100 TRI,01-05-2024,9108.62,0.7322
NIFTY 100 TRI,02-05-2024,9059.69,-0.9848
NIFTY 100 TRI,03-05-2024,9169.11,0.0118
NIFTY 100 TRI,06-05-2024,9208.15,0.249
NIFTY 100 TRI,07-05-2024,9259.05,0.2391
NIFTY 100 TRI,08-05-2024,9228.33,0.3024
NIFTY 100 TRI,09-05-2024,9137.44,-1.1026
NIFTY 100 TRI,10-05-2024,9127.99,0.5353
NIFTY 100 TRI,13-05-2024,8956.06,-0.7199
NIFTY 100 TRI,14-05-2024,8964.6,-0.087
NIFTY 100 TRI,15-05-2024,8969.3,0.5214
NIFTY 100 TRI,16-05-2024,9001.31,0.8289
NIFTY 100 TRI,17-05-2024,9071.94,-0.4901
NIFTY 100 TRI,20-05-2024,8881.73,-1.1881
NIFTY 100 TRI,21-05-2024,8832.63,-0.1829
NIFTY 100 TRI,22-05-2024,8857.1,-0.412
NIFTY 100 TRI,23-05-2024,9013.6,0.004
NIFTY 100 TRI,24-05-2024,8902.97,1.4035
NIFTY 100 TRI,27-05-2024,8907.3,-0.5049
NIFTY 100 TRI,28-05-2024,9005.11,1.4685
NIFTY 100 TRI,29-05-2024,9099.25,0.1589
NIFTY 100 TRI,30-05-2024,9066.73,0.5784
NIFTY 100 TRI,31-05-2024,9137.07,0.4268
NIFTY 100 TRI,03-06-2024,9275.19,-0.838
NIFTY 100 TRI,04-06-2024,9180.9,0.3296
NIFTY 100 TRI,05-06-2024,9298.8,0.1205
NIFTY 100 TRI,06-06-2024,9286.32,-0.4222
NIFTY 100 TRI,07-06-2024,9373.39,-1.0679
NIFTY 100 TRI,10-06-2024,9423.53,-0.0078
NIFTY 100 TRI,11-06-2024,9531.93,1.0383
NIFTY 100 TRI,12-06-2024,9565.83,1.0885
NIFTY 100 TRI,13-06-2024,9424.27,-0.762
NIFTY 100 TRI,14-06-2024,9432.08,-0.7469
NIFTY 100 TRI,17-06-2024,9334.74,-0.5847
NIFTY 100 TRI,18-06-2024,9411.85,0.0801
NIFTY 100 TRI,19-06-2024,9512.63,-1.1509
NIFTY 100 TRI,20-06-2024,9363.28,-0.0443
NIFTY 100 TRI,21-06-2024,9363.1,0.5928
NIFTY 100 TRI,24-06-2024,9466.21,-0.1706
NIFTY 100 TRI,25-06-2024,9445.2,0.776
NIFTY 100 TRI,26-06-2024,9504.69,0.1409
NIFTY 100 TRI,27-06-2024,9516.11,1.6546
NIFTY 100 TRI,28-06-2024,9504.41,0.0622
NIFTY 100 TRI,01-07-2024,9573.3,1.3476
NIFTY 100 TRI,02-07-2024,9613.32,-1.4398
NIFTY 100 TRI,03-07-2024,9478.2,0.0543
NIFTY 100 TRI,04-07-2024,9420.35,-0.5245
NIFTY 100 TRI,05-07-2024,9395.65,-0.5758
NIFTY 100 TRI,08-07-2024,9377.93,0.1202
NIFTY 100 TRI,09-07-2024,9386.77,-2.0825
NIFTY 100 TRI,10-07-2024,9333.08,0.9604
NIFTY 100 TRI,11-07-2024,9411.46,1.3172
NIFTY 100 TRI,12-07-2024,9346.17,-0.5511
NIFTY 100 TRI,15-07-2024,9383.3,0.1532
NIFTY 100 TRI,16-07-2024,9376.52,-0.0232
NIFTY 100 TRI,17-07-2024,9324.05,0.4633
NIFTY 100 TRI,18-07-2024,9093.46,-0.1729
NIFTY 100 TRI,19-07-2024,9035.06,0.0268
NIFTY 100 TRI,22-07-2024,9120.13,-0.1274
NIFTY 100 TRI,23-07-2024,9141.69,-0.179
NIFTY 100 TRI,24-07-2024,9159.86,0.9844
NIFTY 100 TRI,25-07-2024,9088.67,-0.7474
NIFTY 100 TRI,26-07-2024,9013.19,-1.2264
NIFTY 100 TRI,29-07-2024,8988.62,0.4812
NIFTY 100 TRI,30-07-2024,8993.28,1.4404
NIFTY 100 TRI,31-07-2024,9016.54,0.0983
NIFTY 100 TRI,01-08-2024,9155.66,-0.9915
NIFTY 100 TRI,02-08-2024,9079.87,-0.6405
NIFTY 100 TRI,05-08-2024,8988.72,1.0554
NIFTY 100 TRI,06-08-2024,8820.06,0.7375
NIFTY 100 TRI,07-08-2024,8921.83,-0.678
NIFTY 100 TRI,08-08-2024,8947.21,1.2752
NIFTY 100 TRI,09-08-2024,8887.36,0.0861
NIFTY 100 TRI,12-08-2024,8861.41,-0.5946
NIFTY 100 TRI,13-08-2024,8763.66,0.4991
NIFTY 100 TRI,14-08-2024,8756.04,0.6614
NIFTY 100 TRI,15-08-2024,8734.05,-0.5833
NIFTY 100 TRI,16-08-2024,8660.84,-0.9043
NIFTY 100 TRI,19-08-2024,8671.27,0.345
NIFTY 100 TRI,20-08-2024,8623.6,0.1846
NIFTY 100 TRI,21-08-2024,8727.51,-0.1362
NIFTY 100 TRI,22-08-2024,8722.07,0.4579
NIFTY 100 TRI,23-08-2024,8795.47,-0.8757
NIFTY 100 TRI,26-08-2024,8793.65,0.296
NIFTY 100 TRI,27-08-2024,8796.46,0.0186
NIFTY 100 TRI,28-08-2024,8799.64,0.1763
NIFTY 100 TRI,29-08-2024,8746.16,-1.0077
NIFTY 100 TRI,30-08-2024,8782.74,0.7976
NIFTY 100 TRI,02-09-2024,8919.72,-0.1005
NIFTY 100 TRI,03-09-2024,8870.78,0.2361
NIFTY 100 TRI,04-09-2024,8852.64,-0.0376
NIFTY 100 TRI,05-09-2024,8803.52,-0.8556
NIFTY 100 TRI,06-09-2024,8773.5,0.9974
NIFTY 100 TRI,09-09-2024,8827.42,-1.0183
NIFTY 100 TRI,10-09-2024,8869.31,-0.3645
NIFTY 100 TRI,11-09-2024,8818.24,-0.7073
NIFTY 100 TRI,12-09-2024,8876.54,0.9538
NIFTY 100 TRI,13-09-2024,8968.44,1.5852
NIFTY 100 TRI,16-09-2024,8818.18,1.3946
NIFTY 100 TRI,17-09-2024,8741.42,0.1563
NIFTY 100 TRI,18-09-2024,8800.33,-1.5456
NIFTY 100 TRI,19-09-2024,8865.95,0.9083
NIFTY 100 TRI,20-09-2024,8877.99,-0.728
NIFTY 100 TRI,23-09-2024,9069.58,-0.3707
NIFTY 100 TRI,24-09-2024,8936.6,0.0122
NIFTY 100 TRI,25-09-2024,8986.01,-1.1877
NIFTY 100 TRI,26-09-2024,8924.87,-1.01
NIFTY 100 TRI,27-09-2024,8973.98,-1.6046
NIFTY 100 TRI,30-09-2024,9032.83,-0.2979
NIFTY 100 TRI,01-10-2024,8979.71,-0.3904
NIFTY 100 TRI,02-10-2024,9005.94,-0.5019
NIFTY 100 TRI,03-10-2024,9010.88,-0.5072
NIFTY 100 TRI,04-10-2024,9014.51,-0.084
NIFTY 100 TRI,07-10-2024,9006.59,0.2579
NIFTY 100 TRI,08-10-2024,8950.69,-0.8167
NIFTY 100 TRI,09-10-2024,8956.02,0.6808
NIFTY 100 TRI,10-10-2024,8974.59,0.5241
NIFTY 100 TRI,11-10-2024,8847.0,1.2605
NIFTY 100 TRI,14-10-2024,8774.08,0.2463
NIFTY 100 TRI,15-10-2024,8813.96,-0.2144
NIFTY 100 TRI,16-10-2024,8776.7,0.2708
NIFTY 100 TRI,17-10-2024,8783.14,0.6053
NIFTY 100 TRI,18-10-2024,8860.57,-0.2807
NIFTY 100 TRI,21-10-2024,8924.73,-1.3008
NIFTY 100 TRI,22-10-2024,8869.04,-0.4585
NIFTY 100 TRI,23-10-2024,8924.66,-0.7337
NIFTY 100 TRI,24-10-2024,8989.5,0.1935
NIFTY 100 TRI,25-10-2024,9039.85,1.2346
NIFTY 100 TRI,28-10-2024,9105.79,0.4793
NIFTY 100 TRI,29-10-2024,9001.22,0.7818
NIFTY 100 TRI,30-10-2024,9002.98,0.3056
NIFTY 100 TRI,31-10-2024,9069.48,-0.4328
NIFTY 100 TRI,01-11-2024,9144.79,0.4972
NIFTY 100 TRI,04-11-2024,9000.59,0.672
NIFTY 100 TRI,05-11-2024,8920.7,0.7186
NIFTY 100 TRI,06-11-2024,8947.83,1.0685
NIFTY 100 TRI,07-11-2024,9027.64,-0.851
NIFTY 100 TRI,08-11-2024,9163.19,-0.8169
NIFTY 100 TRI,11-11-2024,9000.28,-0.194
NIFTY 100 TRI,12-11-2024,8974.19,-0.2767
NIFTY 100 TRI,13-11-2024,8939.53,-0.9652
NIFTY 100 TRI,14-11-2024,9001.08,0.2599
NIFTY 100 TRI,15-11-2024,9095.92,-0.2943
NIFTY 100 TRI,18-11-2024,9164.82,-0.0532
NIFTY 100 TRI,19-11-2024,9196.92,0.515
NIFTY 100 TRI,20-11-2024,9273.9,-1.2436
NIFTY 100 TRI,21-11-2024,9302.56,-0.6002
NIFTY 100 TRI,22-11-2024,9331.39,0.1749
NIFTY 100 TRI,25-11-2024,9336.34,-0.6617
NIFTY 100 TRI,26-11-2024,9402.06,0.8047
NIFTY 100 TRI,27-11-2024,9398.35,-0.1444
NIFTY 100 TRI,28-11-2024,9351.08,-1.1701
NIFTY 100 TRI,29-11-2024,9352.41,-0.3972
NIFTY 100 TRI,02-12-2024,9471.9,0.5809
NIFTY 100 TRI,03-12-2024,9591.24,0.6337
NIFTY 100 TRI,04-12-2024,9622.33,1.0059
NIFTY 100 TRI,05-12-2024,9701.81,0.0125
NIFTY 100 TRI,06-12-2024,9687.14,-1.0199
NIFTY 100 TRI,09-12-2024,9344.85,-0.6087
NIFTY 100 TRI,10-12-2024,9368.32,-1.4025
NIFTY 100 TRI,11-12-2024,9416.45,0.861
NIFTY 100 TRI,12-12-2024,9473.0,0.116
NIFTY 100 TRI,13-12-2024,9554.94,-0.0784
NIFTY 100 TRI,16-12-2024,9613.24,-0.4985
NIFTY 100 TRI,17-12-2024,9718.25,0.8202
NIFTY 100 TRI,18-12-2024,9821.74,0.1019
NIFTY 100 TRI,19-12-2024,9879.57,0.0467
NIFTY 100 TRI,20-12-2024,9773.36,0.5141
NIFTY 100 TRI,23-12-2024,9610.8,0.4063
NIFTY 100 TRI,24-12-2024,9583.95,-1.3509
NIFTY 100 TRI,25-12-2024,9509.39,0.0504
NIFTY 100 TRI,26-12-2024,9507.95,0.2418
NIFTY 100 TRI,27-12-2024,9626.26,-0.5273
NIFTY 100 TRI,30-12-2024,9319.1,0.3584
NIFTY Midcap 150 TRI,01-01-2024,17783.71,0.0997
NIFTY Midcap 150 TRI,02-01-2024,17683.27,0.7938
NIFTY Midcap 150 TRI,03-01-2024,17820.61,-0.6545
NIFTY Midcap 150 TRI,04-01-2024,17768.91,0.2084
NIFTY Midcap 150 TRI,05-01-2024,17968.77,0.0814
NIFTY Midcap 150 TRI,08-01-2024,18059.66,-0.5148
NIFTY Midcap 150 TRI,09-01-2024,17917.24,-0.6692
NIFTY Midcap 150 TRI,10-01-2024,17988.51,1.1989
NIFTY Midcap 150 TRI,11-01-2024,17943.0,1.4829
NIFTY Midcap 150 TRI,12-01-2024,18101.44,-0.7142
NIFTY Midcap 150 TRI,15-01-2024,17916.71,-0.707
NIFTY Midcap 150 TRI,16-01-2024,18007.02,-0.0051
NIFTY Midcap 150 TRI,17-01-2024,17923.08,-1.2067
NIFTY Midcap 150 TRI,18-01-2024,17762.64,1.2441
NIFTY Midcap 150 TRI,19-01-2024,18167.45,-0.2404
NIFTY Midcap 150 TRI,22-01-2024,18020.86,-0.6968
NIFTY Midcap 150 TRI,23-01-2024,18035.93,1.2169
NIFTY Midcap 150 TRI,24-01-2024,17986.69,0.7461
NIFTY Midcap 150 TRI,25-01-2024,17753.66,1.3243
NIFTY Midcap 150 TRI,26-01-2024,17494.79,-0.1382
NIFTY Midcap 150 TRI,29-01-2024,17589.62,1.2173
NIFTY Midcap 150 TRI,30-01-2024,17605.99,1.0886
NIFTY Midcap 150 TRI,31-01-2024,17501.3,-0.2164
NIFTY Midcap 150 TRI,01-02-2024,17488.57,-0.8788
NIFTY Midcap 150 TRI,02-02-2024,17486.61,1.0193
NIFTY Midcap 150 TRI,05-02-2024,17511.54,0.5407
NIFTY Midcap 150 TRI,06-02-2024,17642.47,0.6248
NIFTY Midcap 150 TRI,07-02-2024,17589.51,-0.5551
NIFTY Midcap 150 TRI,08-02-2024,17633.72,0.3855
NIFTY Midcap 150 TRI,09-02-2024,17811.94,-1.5339
NIFTY Midcap 150 TRI,12-02-2024,18268.24,0.699
NIFTY Midcap 150 TRI,13-02-2024,18203.7,0.6883
NIFTY Midcap 150 TRI,14-02-2024,18201.29,-0.7286
NIFTY Midcap 150 TRI,15-02-2024,18232.65,1.0264
NIFTY Midcap 150 TRI,16-02-2024,18186.92,0.4584
NIFTY Midcap 150 TRI,19-02-2024,18415.29,-0.504
NIFTY Midcap 150 TRI,20-02-2024,18779.03,-0.0774
NIFTY Midcap 150 TRI,21-02-2024,18980.94,0.7698
NIFTY Midcap 150 TRI,22-02-2024,18921.85,-0.1536
NIFTY Midcap 150 TRI,23-02-2024,18844.83,-0.3603
NIFTY Midcap 150 TRI,26-02-2024,19118.11,0.6388
NIFTY Midcap 150 TRI,27-02-2024,19327.57,-1.0506
NIFTY Midcap 150 TRI,28-02-2024,19437.92,0.0309
NIFTY Midcap 150 TRI,29-02-2024,19607.66,0.0988
NIFTY Midcap 150 TRI,01-03-2024,19303.23,-0.4932
NIFTY Midcap 150 TRI,04-03-2024,19007.1,-0.4885
NIFTY Midcap 150 TRI,05-03-2024,19045.55,1.1416
NIFTY Midcap 150 TRI,06-03-2024,19055.02,0.0535
NIFTY Midcap 150 TRI,07-03-2024,19174.05,0.302
NIFTY Midcap 150 TRI,08-03-2024,18918.38,-1.4095
NIFTY Midcap 150 TRI,11-03-2024,18931.73,0.7147
NIFTY Midcap 150 TRI,12-03-2024,19113.72,0.4891
NIFTY Midcap 150 TRI,13-03-2024,18985.34,0.5181
NIFTY Midcap 150 TRI,14-03-2024,19010.93,1.2445
NIFTY Midcap 150 TRI,15-03-2024,19249.89,-0.2181
NIFTY Midcap 150 TRI,18-03-2024,19781.97,1.1227
NIFTY Midcap 150 TRI,19-03-2024,19747.83,-0.0886
NIFTY Midcap 150 TRI,20-03-2024,19887.82,0.2123
NIFTY Midcap 150 TRI,21-03-2024,20015.82,0.1793
NIFTY Midcap 150 TRI,22-03-2024,20006.82,-0.2196
NIFTY Midcap 150 TRI,25-03-2024,20439.99,-0.4668
NIFTY Midcap 150 TRI,26-03-2024,20465.99,-1.2638
NIFTY Midcap 150 TRI,27-03-2024,20471.62,-0.4503
NIFTY Midcap 150 TRI,28-03-2024,20265.1,-0.4824
NIFTY Midcap 150 TRI,29-03-2024,20494.27,1.4722
NIFTY Midcap 150 TRI,01-04-2024,20413.85,-0.5003
NIFTY Midcap 150 TRI,02-04-2024,20528.93,0.0784
NIFTY Midcap 150 TRI,03-04-2024,20601.95,0.7705
NIFTY Midcap 150 TRI,04-04-2024,20295.92,-0.2355
NIFTY Midcap 150 TRI,05-04-2024,20038.82,-1.0069
NIFTY Midcap 150 TRI,08-04-2024,20323.14,-0.3775
NIFTY Midcap 150 TRI,09-04-2024,20275.79,-0.1173
NIFTY Midcap 150 TRI,10-04-2024,20328.23,-0.6525
NIFTY Midcap 150 TRI,11-04-2024,20694.23,-0.9342
NIFTY Midcap 150 TRI,12-04-2024,20690.29,-1.4128
NIFTY Midcap 150 TRI,15-04-2024,21176.5,0.2492
NIFTY Midcap 150 TRI,16-04-2024,21249.44,-1.8521
NIFTY Midcap 150 TRI,17-04-2024,21491.95,-1.3847
NIFTY Midcap 150 TRI,18-04-2024,21476.54,-0.3411
NIFTY Midcap 150 TRI,19-04-2024,21592.02,1.0035
NIFTY Midcap 150 TRI,22-04-2024,21865.28,2.1679
NIFTY Midcap 150 TRI,23-04-2024,22231.47,1.1427
NIFTY Midcap 150 TRI,24-04-2024,22291.05,-0.3482
NIFTY Midcap 150 TRI,25-04-2024,22089.77,1.0763
NIFTY Midcap 150 TRI,26-04-2024,21960.42,1.9998
NIFTY Midcap 150 TRI,29-04-2024,21909.3,-0.3699
NIFTY Midcap 150 TRI,30-04-2024,21810.33,0.5109
NIFTY Midcap 150 TRI,01-05-2024,21829.76,-0.1549
NIFTY Midcap 150 TRI,02-05-2024,21746.07,-0.0853
NIFTY Midcap 150 TRI,03-05-2024,21629.27,1.4748
NIFTY Midcap 150 TRI,06-05-2024,21553.02,-1.0205
NIFTY Midcap 150 TRI,07-05-2024,21690.68,0.0456
NIFTY Midcap 150 TRI,08-05-2024,21449.78,-0.3815
NIFTY Midcap 150 TRI,09-05-2024,21537.81,-0.1507
NIFTY Midcap 150 TRI,10-05-2024,21422.63,1.233
NIFTY Midcap 150 TRI,13-05-2024,21927.22,-0.7944
NIFTY Midcap 150 TRI,14-05-2024,21903.54,-0.3961
NIFTY Midcap 150 TRI,15-05-2024,22021.07,1.1824
NIFTY Midcap 150 TRI,16-05-2024,22246.91,-0.4025
NIFTY Midcap 150 TRI,17-05-2024,22267.15,0.31
NIFTY Midcap 150 TRI,20-05-2024,22521.87,0.214
NIFTY Midcap 150 TRI,21-05-2024,22567.14,0.5788
NIFTY Midcap 150 TRI,22-05-2024,22822.79,0.3939
NIFTY Midcap 150 TRI,23-05-2024,22651.95,0.6054
NIFTY Midcap 150 TRI,24-05-2024,22331.42,0.7486
NIFTY Midcap 150 TRI,27-05-2024,23040.77,0.2538
NIFTY Midcap 150 TRI,28-05-2024,23063.41,0.1915
NIFTY Midcap 150 TRI,29-05-2024,23255.22,-1.0048
NIFTY Midcap 150 TRI,30-05-2024,23318.63,0.5677
NIFTY Midcap 150 TRI,31-05-2024,23632.03,-1.8843
NIFTY Midcap 150 TRI,03-06-2024,23428.91,0.8163
NIFTY Midcap 150 TRI,04-06-2024,23231.12,1.6801
NIFTY Midcap 150 TRI,05-06-2024,23113.46,-0.5021
NIFTY Midcap 150 TRI,06-06-2024,23140.77,0.0106
NIFTY Midcap 150 TRI,07-06-2024,23389.91,0.0313
NIFTY Midcap 150 TRI,10-06-2024,23621.35,-0.3252
NIFTY Midcap 150 TRI,11-06-2024,23488.73,-0.3688
NIFTY Midcap 150 TRI,12-06-2024,23502.35,1.4286
NIFTY Midcap 150 TRI,13-06-2024,23376.25,1.0554
NIFTY Midcap 150 TRI,14-06-2024,23447.91,0.8727
NIFTY Midcap 150 TRI,17-06-2024,23710.42,-0.5083
NIFTY Midcap 150 TRI,18-06-2024,23805.82,0.1478
NIFTY Midcap 150 TRI,19-06-2024,23822.69,-1.208
NIFTY Midcap 150 TRI,20-06-2024,24010.71,0.975
NIFTY Midcap 150 TRI,21-06-2024,24209.17,-0.2787
NIFTY Midcap 150 TRI,24-06-2024,23697.07,0.1429
NIFTY Midcap 150 TRI,25-06-2024,23413.51,-0.1447
NIFTY Midcap 150 TRI,26-06-2024,23317.21,1.8108
NIFTY Midcap 150 TRI,27-06-2024,23435.24,0.8982
NIFTY Midcap 150 TRI,28-06-2024,23326.04,0.9714
NIFTY Midcap 150 TRI,01-07-2024,24003.57,0.6731
NIFTY Midcap 150 TRI,02-07-2024,24201.88,0.0873
NIFTY Midcap 150 TRI,03-07-2024,24402.67,0.7094
NIFTY Midcap 150 TRI,04-07-2024,24395.0,0.0821
NIFTY Midcap 150 TRI,05-07-2024,24154.26,0.3649
NIFTY Midcap 150 TRI,08-07-2024,24374.71,-0.809
NIFTY Midcap 150 TRI,09-07-2024,24563.91,-0.3841
NIFTY Midcap 150 TRI,10-07-2024,24560.92,1.5716
NIFTY Midcap 150 TRI,11-07-2024,24426.25,-0.8678
NIFTY Midcap 150 TRI,12-07-2024,23976.81,0.0989
NIFTY Midcap 150 TRI,15-07-2024,23506.25,0.5659
NIFTY Midcap 150 TRI,16-07-2024,23466.27,1.0868
NIFTY Midcap 150 TRI,17-07-2024,23386.09,0.906
NIFTY Midcap 150 TRI,18-07-2024,23379.53,-0.9119
NIFTY Midcap 150 TRI,19-07-2024,23473.4,-0.1758
NIFTY Midcap 150 TRI,22-07-2024,23639.65,0.8623
NIFTY Midcap 150 TRI,23-07-2024,23389.54,0.3137
NIFTY Midcap 150 TRI,24-07-2024,23297.48,0.0873
NIFTY Midcap 150 TRI,25-07-2024,23281.98,-0.171
NIFTY Midcap 150 TRI,26-07-2024,23247.38,-0.6563
NIFTY Midcap 150 TRI,29-07-2024,23087.13,-0.2016
NIFTY Midcap 150 TRI,30-07-2024,23322.96,-0.5317
NIFTY Midcap 150 TRI,31-07-2024,23018.88,0.898
NIFTY Midcap 150 TRI,01-08-2024,23044.17,-0.2514
NIFTY Midcap 150 TRI,02-08-2024,23129.46,0.3033
NIFTY Midcap 150 TRI,05-08-2024,22959.19,-0.3939
NIFTY Midcap 150 TRI,06-08-2024,23072.89,-0.6356
NIFTY Midcap 150 TRI,07-08-2024,23035.15,-0.9837
NIFTY Midcap 150 TRI,08-08-2024,22789.59,0.844
NIFTY Midcap 150 TRI,09-08-2024,22549.64,-0.4276
NIFTY Midcap 150 TRI,12-08-2024,22876.91,0.3199
NIFTY Midcap 150 TRI,13-08-2024,22782.85,-1.7522
NIFTY Midcap 150 TRI,14-08-2024,22793.52,-0.9156
NIFTY Midcap 150 TRI,15-08-2024,22872.16,-0.5854
NIFTY Midcap 150 TRI,16-08-2024,22855.7,1.3086
NIFTY Midcap 150 TRI,19-08-2024,22822.77,0.6943
NIFTY Midcap 150 TRI,20-08-2024,22516.03,0.1696
NIFTY Midcap 150 TRI,21-08-2024,22479.2,-0.3762
NIFTY Midcap 150 TRI,22-08-2024,22798.22,0.1773
NIFTY Midcap 150 TRI,23-08-2024,22727.91,-1.3799
NIFTY Midcap 150 TRI,26-08-2024,22836.15,-0.125
NIFTY Midcap 150 TRI,27-08-2024,22969.46,0.0569
NIFTY Midcap 150 TRI,28-08-2024,22969.3,-0.1275
NIFTY Midcap 150 TRI,29-08-2024,22994.49,1.5106
NIFTY Midcap 150 TRI,30-08-2024,23132.24,0.0452
NIFTY Midcap 150 TRI,02-09-2024,23376.22,-0.3758
NIFTY Midcap 150 TRI,03-09-2024,23302.55,-0.3479
NIFTY Midcap 150 TRI,04-09-2024,22980.86,-0.3345
NIFTY Midcap 150 TRI,05-09-2024,22883.47,-0.7579
NIFTY Midcap 150 TRI,06-09-2024,22776.7,0.0444
NIFTY Midcap 150 TRI,09-09-2024,22664.36,-0.8579
NIFTY Midcap 150 TRI,10-09-2024,22515.44,-0.7405
NIFTY Midcap 150 TRI,11-09-2024,22508.73,0.1829
NIFTY Midcap 150 TRI,12-09-2024,22483.29,-0.573
NIFTY Midcap 150 TRI,13-09-2024,22289.19,1.0587
NIFTY Midcap 150 TRI,16-09-2024,22234.43,0.7329
NIFTY Midcap 150 TRI,17-09-2024,22193.6,1.4774
NIFTY Midcap 150 TRI,18-09-2024,22087.15,-0.5215
NIFTY Midcap 150 TRI,19-09-2024,22425.4,0.1093
NIFTY Midcap 150 TRI,20-09-2024,22272.31,-0.7787
NIFTY Midcap 150 TRI,23-09-2024,22366.71,1.1035
NIFTY Midcap 150 TRI,24-09-2024,22566.79,1.3899
NIFTY Midcap 150 TRI,25-09-2024,22556.59,0.8459
NIFTY Midcap 150 TRI,26-09-2024,22494.55,-0.0853
NIFTY Midcap 150 TRI,27-09-2024,22580.93,-1.1942
NIFTY Midcap 150 TRI,30-09-2024,22470.77,-0.0172
NIFTY Midcap 150 TRI,01-10-2024,22467.39,-1.0777
NIFTY Midcap 150 TRI,02-10-2024,22212.05,0.4464
NIFTY Midcap 150 TRI,03-10-2024,22304.13,-0.8759
NIFTY Midcap 150 TRI,04-10-2024,22043.26,1.5883
NIFTY Midcap 150 TRI,07-10-2024,21950.06,0.8735
NIFTY Midcap 150 TRI,08-10-2024,22280.55,0.6607
NIFTY Midcap 150 TRI,09-10-2024,22304.92,-0.9706
NIFTY Midcap 150 TRI,10-10-2024,22416.38,0.2768
NIFTY Midcap 150 TRI,11-10-2024,22348.48,0.0951
NIFTY Midcap 150 TRI,14-10-2024,22520.64,1.096
NIFTY Midcap 150 TRI,15-10-2024,22284.7,0.7188
NIFTY Midcap 150 TRI,16-10-2024,22077.51,-1.2217
NIFTY Midcap 150 TRI,17-10-2024,22238.99,-0.0707
NIFTY Midcap 150 TRI,18-10-2024,22231.15,-0.7922
NIFTY Midcap 150 TRI,21-10-2024,21868.44,-1.2887
NIFTY Midcap 150 TRI,22-10-2024,21876.24,1.2718
NIFTY Midcap 150 TRI,23-10-2024,22134.14,-0.6234
NIFTY Midcap 150 TRI,24-10-2024,22394.82,0.5239
NIFTY Midcap 150 TRI,25-10-2024,22182.0,-1.3008
NIFTY Midcap 150 TRI,28-10-2024,21813.13,1.138
NIFTY Midcap 150 TRI,29-10-2024,22123.97,0.7723
NIFTY Midcap 150 TRI,30-10-2024,22022.84,-0.1259
NIFTY Midcap 150 TRI,31-10-2024,21911.63,1.083
NIFTY Midcap 150 TRI,01-11-2024,22026.42,0.172
NIFTY Midcap 150 TRI,04-11-2024,22386.04,0.3889
NIFTY Midcap 150 TRI,05-11-2024,22062.44,0.7415
NIFTY Midcap 150 TRI,06-11-2024,22126.6,0.0989
NIFTY Midcap 150 TRI,07-11-2024,22233.85,-1.2178
NIFTY Midcap 150 TRI,08-11-2024,22103.91,-0.2926
NIFTY Midcap 150 TRI,11-11-2024,22581.25,0.1026
NIFTY Midcap 150 TRI,12-11-2024,22724.09,-0.4598
NIFTY Midcap 150 TRI,13-11-2024,22455.78,1.5593
NIFTY Midcap 150 TRI,14-11-2024,22312.97,-0.466
NIFTY Midcap 150 TRI,15-11-2024,22650.89,-0.2423
NIFTY Midcap 150 TRI,18-11-2024,22771.02,-0.0677
NIFTY Midcap 150 TRI,19-11-2024,22796.32,-0.9945
NIFTY Midcap 150 TRI,20-11-2024,22710.61,-0.2962
NIFTY Midcap 150 TRI,21-11-2024,22690.67,0.533
NIFTY Midcap 150 TRI,22-11-2024,22651.6,-1.0183
NIFTY Midcap 150 TRI,25-11-2024,22611.63,-0.7143
NIFTY Midcap 150 TRI,26-11-2024,22695.58,0.3134
NIFTY Midcap 150 TRI,27-11-2024,22420.87,0.5391
NIFTY Midcap 150 TRI,28-11-2024,22058.05,-0.3535
NIFTY Midcap 150 TRI,29-11-2024,21792.78,1.1073
NIFTY Midcap 150 TRI,02-12-2024,22053.3,-0.9407
NIFTY Midcap 150 TRI,03-12-2024,21731.68,0.1463
NIFTY Midcap 150 TRI,04-12-2024,21754.39,0.7851
NIFTY Midcap 150 TRI,05-12-2024,21506.72,-0.0073
NIFTY Midcap 150 TRI,06-12-2024,21403.35,1.0678
NIFTY Midcap 150 TRI,09-12-2024,21298.78,0.733
NIFTY Midcap 150 TRI,10-12-2024,21393.52,-0.5412
NIFTY Midcap 150 TRI,11-12-2024,21249.64,0.5
NIFTY Midcap 150 TRI,12-12-2024,21476.55,-1.466
NIFTY Midcap 150 TRI,13-12-2024,21539.98,0.7242
NIFTY Midcap 150 TRI,16-12-2024,21759.21,-0.7178
NIFTY Midcap 150 TRI,17-12-2024,21426.63,-0.1317
NIFTY Midcap 150 TRI,18-12-2024,21456.29,0.408
NIFTY Midcap 150 TRI,19-12-2024,21511.38,-0.2703
NIFTY Midcap 150 TRI,20-12-2024,21371.33,0.0243
NIFTY Midcap 150 TRI,23-12-2024,21302.71,1.0804
NIFTY Midcap 150 TRI,24-12-2024,21041.88,0.4521
NIFTY Midcap 150 TRI,25-12-2024,21108.3,-0.2744
NIFTY Midcap 150 TRI,26-12-2024,20842.14,-0.9409
NIFTY Midcap 150 TRI,27-12-2024,20949.0,0.2569
NIFTY Midcap 150 TRI,30-12-2024,20740.44,-0.4272
BSE Sensex TRI,01-01-2024,8300.57,0.4335
BSE Sensex TRI,02-01-2024,8277.09,0.5639
BSE Sensex TRI,03-01-2024,8289.84,0.0319
BSE Sensex TRI,04-01-2024,8291.15,1.1243
BSE Sensex TRI,05-01-2024,8396.24,0.3331
BSE Sensex TRI,08-01-2024,8441.3,-0.1422
BSE Sensex TRI,09-01-2024,8413.7,-0.7451
BSE Sensex TRI,10-01-2024,8377.77,0.8196
BSE Sensex TRI,11-01-2024,8312.15,0.8629
BSE Sensex TRI,12-01-2024,8377.01,0.4928
BSE Sensex TRI,15-01-2024,8301.28,0.7665
BSE Sensex TRI,16-01-2024,8327.4,-0.0679
BSE Sensex TRI,17-01-2024,8227.08,0.0512
BSE Sensex TRI,18-01-2024,8213.59,0.9807
BSE Sensex TRI,19-01-2024,8331.12,-0.471
BSE Sensex TRI,22-01-2024,8354.45,0.2296
BSE Sensex TRI,23-01-2024,8263.27,-1.4034
BSE Sensex TRI,24-01-2024,8162.3,1.1819
BSE Sensex TRI,25-01-2024,8191.7,-0.5403
BSE Sensex TRI,26-01-2024,8234.37,0.8207
BSE Sensex TRI,29-01-2024,8265.35,0.417
BSE Sensex TRI,30-01-2024,8208.03,-0.178
BSE Sensex TRI,31-01-2024,8192.19,-0.8081
BSE Sensex TRI,01-02-2024,8146.29,1.0528
BSE Sensex TRI,02-02-2024,8155.17,-0.4283
BSE Sensex TRI,05-02-2024,8293.58,0.8223
BSE Sensex TRI,06-02-2024,8223.67,-0.1876
BSE Sensex TRI,07-02-2024,8195.5,0.4584
BSE Sensex TRI,08-02-2024,8240.85,0.1473
BSE Sensex TRI,09-02-2024,8323.58,-0.0934
BSE Sensex TRI,12-02-2024,8289.93,0.0237
BSE Sensex TRI,13-02-2024,8236.93,-0.2887
BSE Sensex TRI,14-02-2024,8165.98,-0.7631
BSE Sensex TRI,15-02-2024,8131.51,1.1389
BSE Sensex TRI,16-02-2024,8157.42,-0.7734
BSE Sensex TRI,19-02-2024,8190.82,0.954
BSE Sensex TRI,20-02-2024,8185.87,1.5105
BSE Sensex TRI,21-02-2024,8262.87,0.2815
BSE Sensex TRI,22-02-2024,8263.19,0.0226
BSE Sensex TRI,23-02-2024,8264.81,-0.4997
BSE Sensex TRI,26-02-2024,8226.59,-0.6243
BSE Sensex TRI,27-02-2024,8236.06,0.2882
BSE Sensex TRI,28-02-2024,8258.51,0.3642
BSE Sensex TRI,29-02-2024,8249.07,-0.4465
BSE Sensex TRI,01-03-2024,8277.87,0.3701
BSE Sensex TRI,04-03-2024,8290.46,0.5787
BSE Sensex TRI,05-03-2024,8214.62,-0.3085
BSE Sensex TRI,06-03-2024,8186.57,-0.3097
BSE Sensex TRI,07-03-2024,8316.93,-0.1827
BSE Sensex TRI,08-03-2024,8337.03,0.3816
BSE Sensex TRI,11-03-2024,8252.36,-0.7895
BSE Sensex TRI,12-03-2024,8242.8,-0.9372
BSE Sensex TRI,13-03-2024,8173.62,0.1354
BSE Sensex TRI,14-03-2024,8210.52,-2.1701
BSE Sensex TRI,15-03-2024,8155.77,-0.2151
BSE Sensex TRI,18-03-2024,8113.28,0.0672
BSE Sensex TRI,19-03-2024,8142.8,1.0231
BSE Sensex TRI,20-03-2024,8116.84,0.3784
BSE Sensex TRI,21-03-2024,8096.12,0.983
BSE Sensex TRI,22-03-2024,8224.25,-0.8841
BSE Sensex TRI,25-03-2024,8170.54,0.5642
BSE Sensex TRI,26-03-2024,8195.16,-1.6253
BSE Sensex TRI,27-03-2024,8231.85,0.286
BSE Sensex TRI,28-03-2024,8328.93,-0.9014
BSE Sensex TRI,29-03-2024,8272.83,0.7749
BSE Sensex TRI,01-04-2024,8430.14,-0.9297
BSE Sensex TRI,02-04-2024,8444.74,0.8917
BSE Sensex TRI,03-04-2024,8443.99,0.1736
BSE Sensex TRI,04-04-2024,8497.88,1.0819
BSE Sensex TRI,05-04-2024,8587.42,1.4127
BSE Sensex TRI,08-04-2024,8620.72,-0.0756
BSE Sensex TRI,09-04-2024,8569.02,0.1108
BSE Sensex TRI,10-04-2024,8596.67,-0.5389
BSE Sensex TRI,11-04-2024,8642.94,-0.1328
BSE Sensex TRI,12-04-2024,8616.82,-0.3742
BSE Sensex TRI,15-04-2024,8817.78,1.3239
BSE Sensex TRI,16-04-2024,8786.58,0.4885
BSE Sensex TRI,17-04-2024,8751.56,-0.5308
BSE Sensex TRI,18-04-2024,8725.7,0.6424
BSE Sensex TRI,19-04-2024,8614.45,-0.4613
BSE Sensex TRI,22-04-2024,8893.14,1.3372
BSE Sensex TRI,23-04-2024,9092.06,-0.9717
BSE Sensex TRI,24-04-2024,9245.06,0.7753
BSE Sensex TRI,25-04-2024,9302.64,-0.4421
BSE Sensex TRI,26-04-2024,9223.56,-0.6917
BSE Sensex TRI,29-04-2024,9135.4,-0.7937
BSE Sensex TRI,30-04-2024,9184.78,0.5593
BSE Sensex TRI,01-05-2024,9116.56,0.7141
BSE Sensex TRI,02-05-2024,9177.57,0.3737
BSE Sensex TRI,03-05-2024,9233.58,0.4035
BSE Sensex TRI,06-05-2024,9017.21,0.0253
BSE Sensex TRI,07-05-2024,8962.4,-0.1002
BSE Sensex TRI,08-05-2024,9024.15,-0.7607
BSE Sensex TRI,09-05-2024,9044.6,-0.5155
BSE Sensex TRI,10-05-2024,9051.94,0.053
BSE Sensex TRI,13-05-2024,9081.92,0.8639
BSE Sensex TRI,14-05-2024,9004.21,1.2176
BSE Sensex TRI,15-05-2024,8968.51,0.6874
BSE Sensex TRI,16-05-2024,9054.09,0.461
BSE Sensex TRI,17-05-2024,9132.97,0.3708
BSE Sensex TRI,20-05-2024,9196.29,-1.2884
BSE Sensex TRI,21-05-2024,9176.33,-1.0874
BSE Sensex TRI,22-05-2024,9287.13,-0.578
BSE Sensex TRI,23-05-2024,9259.11,0.1861
BSE Sensex TRI,24-05-2024,9343.28,0.4032
BSE Sensex TRI,27-05-2024,9451.83,-0.3374
BSE Sensex TRI,28-05-2024,9401.53,-0.7174
BSE Sensex TRI,29-05-2024,9355.75,-0.5026
BSE Sensex TRI,30-05-2024,9568.34,-0.9424
BSE Sensex TRI,31-05-2024,9663.73,0.3308
BSE Sensex TRI,03-06-2024,9845.44,-1.0291
BSE Sensex TRI,04-06-2024,9817.52,0.2984
BSE Sensex TRI,05-06-2024,9794.83,-0.7029
BSE Sensex TRI,06-06-2024,9968.43,0.1806
BSE Sensex TRI,07-06-2024,10014.93,-0.5217
BSE Sensex TRI,10-06-2024,10070.75,-0.4807
BSE Sensex TRI,11-06-2024,10152.87,0.2521
BSE Sensex TRI,12-06-2024,10117.55,0.4279
BSE Sensex TRI,13-06-2024,10194.74,0.8705
BSE Sensex TRI,14-06-2024,10209.94,-0.1961
BSE Sensex TRI,17-06-2024,10203.59,-0.1266
BSE Sensex TRI,18-06-2024,10191.0,-0.072
BSE Sensex TRI,19-06-2024,10165.21,0.7153
BSE Sensex TRI,20-06-2024,10172.46,-0.9401
BSE Sensex TRI,21-06-2024,10070.69,0.0827
BSE Sensex TRI,24-06-2024,10111.33,0.7523
BSE Sensex TRI,25-06-2024,10173.24,0.9218
BSE Sensex TRI,26-06-2024,10068.01,0.3612
BSE Sensex TRI,27-06-2024,9962.41,-1.1832
BSE Sensex TRI,28-06-2024,10007.12,-0.1891
BSE Sensex TRI,01-07-2024,10133.78,0.5847
BSE Sensex TRI,02-07-2024,10092.0,0.6638
BSE Sensex TRI,03-07-2024,10148.74,-0.2319
BSE Sensex TRI,04-07-2024,10295.68,-0.0151
BSE Sensex TRI,05-07-2024,10014.3,-0.0017
BSE Sensex TRI,08-07-2024,10155.53,0.7051
BSE Sensex TRI,09-07-2024,10266.07,1.1782
BSE Sensex TRI,10-07-2024,10268.16,-0.5148
BSE Sensex TRI,11-07-2024,10116.77,-0.7094
BSE Sensex TRI,12-07-2024,10136.4,0.7568
BSE Sensex TRI,15-07-2024,10192.94,1.0494
BSE Sensex TRI,16-07-2024,10150.58,-0.6112
BSE Sensex TRI,17-07-2024,10113.65,0.3854
BSE Sensex TRI,18-07-2024,10067.02,0.6275
BSE Sensex TRI,19-07-2024,10101.55,0.9829
BSE Sensex TRI,22-07-2024,10303.08,1.198
BSE Sensex TRI,23-07-2024,10401.24,0.2852
BSE Sensex TRI,24-07-2024,10368.6,-1.2592
BSE Sensex TRI,25-07-2024,10422.36,-0.2482
BSE Sensex TRI,26-07-2024,10308.23,-1.7854
BSE Sensex TRI,29-07-2024,10206.41,1.0544
BSE Sensex TRI,30-07-2024,10234.66,0.0619
BSE Sensex TRI,31-07-2024,10246.41,0.7353
BSE Sensex TRI,01-08-2024,10320.92,-0.1517
BSE Sensex TRI,02-08-2024,10223.53,0.7253
BSE Sensex TRI,05-08-2024,10491.87,0.7797
BSE Sensex TRI,06-08-2024,10579.82,-0.0962
BSE Sensex TRI,07-08-2024,10580.48,-0.38
BSE Sensex TRI,08-08-2024,10734.76,0.8161
BSE Sensex TRI,09-08-2024,10675.98,-0.8538
BSE Sensex TRI,12-08-2024,10561.34,-0.0339
BSE Sensex TRI,13-08-2024,10622.17,1.2694
BSE Sensex TRI,14-08-2024,10454.33,-0.3565
BSE Sensex TRI,15-08-2024,10366.59,0.3064
BSE Sensex TRI,16-08-2024,10320.84,0.8469
BSE Sensex TRI,19-08-2024,10291.06,0.3851
BSE Sensex TRI,20-08-2024,10387.75,0.6474
BSE Sensex TRI,21-08-2024,10432.93,0.0444
BSE Sensex TRI,22-08-2024,10305.15,-1.5212
BSE Sensex TRI,23-08-2024,10462.82,0.3781
BSE Sensex TRI,26-08-2024,10522.16,0.5783
BSE Sensex TRI,27-08-2024,10584.23,0.2639
BSE Sensex TRI,28-08-2024,10589.83,0.6343
BSE Sensex TRI,29-08-2024,10548.22,1.0112
BSE Sensex TRI,30-08-2024,10627.25,0.2679
BSE Sensex TRI,02-09-2024,10768.7,0.2755
BSE Sensex TRI,03-09-2024,10720.91,0.329
BSE Sensex TRI,04-09-2024,10649.55,0.0502
BSE Sensex TRI,05-09-2024,10692.05,1.0062
BSE Sensex TRI,06-09-2024,10641.39,0.4258
BSE Sensex TRI,09-09-2024,10691.1,-0.5551
BSE Sensex TRI,10-09-2024,10797.15,0.0308
BSE Sensex TRI,11-09-2024,10715.34,-0.564
BSE Sensex TRI,12-09-2024,10849.91,0.1981
BSE Sensex TRI,13-09-2024,10737.56,-0.3238
BSE Sensex TRI,16-09-2024,10828.06,0.1316
BSE Sensex TRI,17-09-2024,10811.01,-0.7844
BSE Sensex TRI,18-09-2024,10826.92,-0.7267
BSE Sensex TRI,19-09-2024,10853.52,0.2717
BSE Sensex TRI,20-09-2024,10934.36,1.002
BSE Sensex TRI,23-09-2024,10917.21,-1.0574
BSE Sensex TRI,24-09-2024,11038.69,0.5439
BSE Sensex TRI,25-09-2024,11045.41,-0.6937
BSE Sensex TRI,26-09-2024,11151.71,0.7561
BSE Sensex TRI,27-09-2024,11073.9,-0.0343
BSE Sensex TRI,30-09-2024,11186.81,1.3792
BSE Sensex TRI,01-10-2024,11217.28,-1.1864
BSE Sensex TRI,02-10-2024,11315.29,0.4559
BSE Sensex TRI,03-10-2024,11300.85,0.417
BSE Sensex TRI,04-10-2024,11185.63,-0.0836
BSE Sensex TRI,07-10-2024,11462.67,-1.2237
BSE Sensex TRI,08-10-2024,11629.19,1.1572
BSE Sensex TRI,09-10-2024,11627.5,-0.5386
BSE Sensex TRI,10-10-2024,11610.42,0.8788
BSE Sensex TRI,11-10-2024,11598.82,0.4755
BSE Sensex TRI,14-10-2024,11503.28,1.0944
BSE Sensex TRI,15-10-2024,11569.73,0.9337
BSE Sensex TRI,16-10-2024,11564.06,-0.8884
BSE Sensex TRI,17-10-2024,11676.03,1.0884
BSE Sensex TRI,18-10-2024,11649.66,-0.7433
BSE Sensex TRI,21-10-2024,11601.89,-0.182
BSE Sensex TRI,22-10-2024,11583.41,-0.226
BSE Sensex TRI,23-10-2024,11382.7,0.3713
BSE Sensex TRI,24-10-2024,11391.12,1.219
BSE Sensex TRI,25-10-2024,11375.63,-0.7714
BSE Sensex TRI,28-10-2024,11431.05,0.8713
BSE Sensex TRI,29-10-2024,11256.71,-0.8164
BSE Sensex TRI,30-10-2024,11239.61,-0.9007
BSE Sensex TRI,31-10-2024,11239.17,0.3907
BSE Sensex TRI,01-11-2024,11297.47,0.6998
BSE Sensex TRI,04-11-2024,11290.39,-0.5196
BSE Sensex TRI,05-11-2024,11178.21,0.6295
BSE Sensex TRI,06-11-2024,11137.91,-1.0142
BSE Sensex TRI,07-11-2024,11019.35,0.3084
BSE Sensex TRI,08-11-2024,11079.89,-0.4742
BSE Sensex TRI,11-11-2024,11357.69,0.4932
BSE Sensex TRI,12-11-2024,11303.62,0.4695
BSE Sensex TRI,13-11-2024,11436.71,-1.1947
BSE Sensex TRI,14-11-2024,11499.42,0.7157
BSE Sensex TRI,15-11-2024,11458.31,0.0322
BSE Sensex TRI,18-11-2024,11669.48,-1.4932
BSE Sensex TRI,19-11-2024,11749.84,-0.0359
BSE Sensex TRI,20-11-2024,11702.13,0.2113
BSE Sensex TRI,21-11-2024,11714.33,0.4064
BSE Sensex TRI,22-11-2024,11751.22,-0.5106
BSE Sensex TRI,25-11-2024,11932.28,0.2204
BSE Sensex TRI,26-11-2024,11797.58,-0.1185
BSE Sensex TRI,27-11-2024,11802.96,-0.465
BSE Sensex TRI,28-11-2024,11673.72,0.0226
BSE Sensex TRI,29-11-2024,11886.52,-1.4244
BSE Sensex TRI,02-12-2024,11809.03,0.8764
BSE Sensex TRI,03-12-2024,11715.81,-0.0412
BSE Sensex TRI,04-12-2024,11768.52,-1.4065
BSE Sensex TRI,05-12-2024,11845.25,1.2143
BSE Sensex TRI,06-12-2024,11874.07,0.1635
BSE Sensex TRI,09-12-2024,11733.91,0.5094
BSE Sensex TRI,10-12-2024,11774.24,0.5497
BSE Sensex TRI,11-12-2024,11772.89,-0.6624
BSE Sensex TRI,12-12-2024,11818.31,-1.0696
BSE Sensex TRI,13-12-2024,11876.34,0.9144
BSE Sensex TRI,16-12-2024,12074.93,-0.5621
BSE Sensex TRI,17-12-2024,12091.72,-0.8265
BSE Sensex TRI,18-12-2024,12222.83,0.316
BSE Sensex TRI,19-12-2024,12179.36,-0.261
BSE Sensex TRI,20-12-2024,12110.95,0.0553
BSE Sensex TRI,23-12-2024,12099.85,1.1648
BSE Sensex TRI,24-12-2024,12107.36,-0.2592
BSE Sensex TRI,25-12-2024,12190.03,-0.1964
BSE Sensex TRI,26-12-2024,12043.81,1.4041
BSE Sensex TRI,27-12-2024,12003.16,0.2624
BSE Sensex TRI,30-12-2024,11849.3,0.0351
NIFTY IT TRI,01-01-2024,11306.51,0.5959
NIFTY IT TRI,02-01-2024,11336.24,0.6253
NIFTY IT TRI,03-01-2024,11258.13,-0.973
NIFTY IT TRI,04-01-2024,11240.6,0.2217
NIFTY IT TRI,05-01-2024,11340.55,-0.1318
NIFTY IT TRI,08-01-2024,11147.33,0.0297
NIFTY IT TRI,09-01-2024,11179.48,0.0048
NIFTY IT TRI,10-01-2024,11334.41,0.4532
NIFTY IT TRI,11-01-2024,11124.22,0.0724
NIFTY IT TRI,12-01-2024,11046.04,-0.7698
NIFTY IT TRI,15-01-2024,10914.54,0.9834
NIFTY IT TRI,16-01-2024,10724.41,1.2335
NIFTY IT TRI,17-01-2024,10733.14,0.4308
NIFTY IT TRI,18-01-2024,10838.0,0.3236
NIFTY IT TRI,19-01-2024,10990.38,0.8697
NIFTY IT TRI,22-01-2024,11066.87,-1.2013
NIFTY IT TRI,23-01-2024,11036.02,0.8108
NIFTY IT TRI,24-01-2024,11086.36,0.8691
NIFTY IT TRI,25-01-2024,11081.68,0.5536
NIFTY IT TRI,26-01-2024,10828.94,1.0923
NIFTY IT TRI,29-01-2024,10743.99,-0.3324
NIFTY IT TRI,30-01-2024,10736.76,-0.6382
NIFTY IT TRI,31-01-2024,10669.85,0.3925
NIFTY IT TRI,01-02-2024,10608.73,-1.7525
NIFTY IT TRI,02-02-2024,10617.84,-0.0929
NIFTY IT TRI,05-02-2024,10721.87,-0.5738
NIFTY IT TRI,06-02-2024,10674.68,0.1717
NIFTY IT TRI,07-02-2024,10835.68,-0.0538
NIFTY IT TRI,08-02-2024,10822.71,0.9239
NIFTY IT TRI,09-02-2024,10832.35,0.0747
NIFTY IT TRI,12-02-2024,10942.45,0.2576
NIFTY IT TRI,13-02-2024,11067.48,0.9068
NIFTY IT TRI,14-02-2024,11118.3,0.3275
NIFTY IT TRI,15-02-2024,11273.44,0.6358
NIFTY IT TRI,16-02-2024,11323.14,-0.7329
NIFTY IT TRI,19-02-2024,11201.08,1.0685
NIFTY IT TRI,20-02-2024,11259.75,-0.5359
NIFTY IT TRI,21-02-2024,11243.53,-1.3638
NIFTY IT TRI,22-02-2024,11226.46,1.5393
NIFTY IT TRI,23-02-2024,11295.51,1.148
NIFTY IT TRI,26-02-2024,11441.89,0.2983
NIFTY IT TRI,27-02-2024,11629.76,-0.0942
NIFTY IT TRI,28-02-2024,11548.74,0.9634
NIFTY IT TRI,29-02-2024,11588.67,1.2782
NIFTY IT TRI,01-03-2024,11300.29,0.3624
NIFTY IT TRI,04-03-2024,11125.98,-0.9812
NIFTY IT TRI,05-03-2024,11211.54,-0.9155
NIFTY IT TRI,06-03-2024,11302.89,-1.4575
NIFTY IT TRI,07-03-2024,11242.97,0.5367
NIFTY IT TRI,08-03-2024,11340.32,0.1225
NIFTY IT TRI,11-03-2024,11104.87,0.619
NIFTY IT TRI,12-03-2024,11163.66,0.0778
NIFTY IT TRI,13-03-2024,11143.83,-0.0193
NIFTY IT TRI,14-03-2024,11111.74,-1.1114
NIFTY IT TRI,15-03-2024,11150.05,-0.1919
NIFTY IT TRI,18-03-2024,11252.43,0.8513
NIFTY IT TRI,19-03-2024,11344.37,0.8461
NIFTY IT TRI,20-03-2024,11389.9,-0.9862
NIFTY IT TRI,21-03-2024,11446.96,0.289
NIFTY IT TRI,22-03-2024,11413.55,0.9137
NIFTY IT TRI,25-03-2024,11615.93,-0.7859
NIFTY IT TRI,26-03-2024,11603.44,-1.1536
NIFTY IT TRI,27-03-2024,11704.05,-1.6863
NIFTY IT TRI,28-03-2024,11640.95,0.5566
NIFTY IT TRI,29-03-2024,11761.75,-1.3659
NIFTY IT TRI,01-04-2024,11585.91,0.0297
NIFTY IT TRI,02-04-2024,11693.55,1.1407
NIFTY IT TRI,03-04-2024,11708.45,-1.0906
NIFTY IT TRI,04-04-2024,11617.7,-0.4803
NIFTY IT TRI,05-04-2024,11675.98,0.256
NIFTY IT TRI,08-04-2024,11843.83,-0.7329
NIFTY IT TRI,09-04-2024,11810.03,-0.5711
NIFTY IT TRI,10-04-2024,11892.52,0.556
NIFTY IT TRI,11-04-2024,11904.16,-0.0367
NIFTY IT TRI,12-04-2024,11924.24,-1.326
NIFTY IT TRI,15-04-2024,11893.41,0.1409
NIFTY IT TRI,16-04-2024,11889.81,-0.7976
NIFTY IT TRI,17-04-2024,11738.2,1.2202
NIFTY IT TRI,18-04-2024,11686.99,-0.4091
NIFTY IT TRI,19-04-2024,11678.83,0.7632
NIFTY IT TRI,22-04-2024,11769.75,1.2519
NIFTY IT TRI,23-04-2024,11810.22,0.3777
NIFTY IT TRI,24-04-2024,11707.14,-1.3772
NIFTY IT TRI,25-04-2024,11525.83,0.4156
NIFTY IT TRI,26-04-2024,11563.55,-0.394
NIFTY IT TRI,29-04-2024,11379.29,-0.917
NIFTY IT TRI,30-04-2024,11453.04,0.5701
NIFTY IT TRI,01-05-2024,11553.05,-0.1923
NIFTY IT TRI,02-05-2024,11531.37,0.5431
NIFTY IT TRI,03-05-2024,11538.11,0.5345
NIFTY IT TRI,06-05-2024,11414.25,0.5516
NIFTY IT TRI,07-05-2024,11464.24,0.7494
NIFTY IT TRI,08-05-2024,11566.57,0.7349
NIFTY IT TRI,09-05-2024,11471.87,0.2819
NIFTY IT TRI,10-05-2024,11432.75,0.0655
NIFTY IT TRI,13-05-2024,11372.27,0.3363
NIFTY IT TRI,14-05-2024,11295.99,-0.7018
NIFTY IT TRI,15-05-2024,11405.45,0.8372
NIFTY IT TRI,16-05-2024,11566.5,-0.7705
NIFTY IT TRI,17-05-2024,11511.26,-0.7129
NIFTY IT TRI,20-05-2024,11583.04,0.2791
NIFTY IT TRI,21-05-2024,11622.96,0.043
NIFTY IT TRI,22-05-2024,11763.68,0.561
NIFTY IT TRI,23-05-2024,11690.57,-0.1196
NIFTY IT TRI,24-05-2024,11635.87,-1.6026
NIFTY IT TRI,27-05-2024,11834.45,-0.3498
NIFTY IT TRI,28-05-2024,11899.39,0.439
NIFTY IT TRI,29-05-2024,11833.72,0.317
NIFTY IT TRI,30-05-2024,11733.57,0.914
NIFTY IT TRI,31-05-2024,11761.26,-0.4201
NIFTY IT TRI,03-06-2024,12016.91,-0.3822
NIFTY IT TRI,04-06-2024,11980.45,0.598
NIFTY IT TRI,05-06-2024,12151.11,0.1033
NIFTY IT TRI,06-06-2024,12041.61,0.681
NIFTY IT TRI,07-06-2024,12009.42,0.4285
NIFTY IT TRI,10-06-2024,11784.45,-1.232
NIFTY IT TRI,11-06-2024,11891.46,-0.3187
NIFTY IT TRI,12-06-2024,12037.54,-0.5557
NIFTY IT TRI,13-06-2024,12150.14,0.2252
NIFTY IT TRI,14-06-2024,12105.7,-0.4194
NIFTY IT TRI,17-06-2024,11832.93,-0.5231
NIFTY IT TRI,18-06-2024,11876.4,-0.0078
NIFTY IT TRI,19-06-2024,11967.69,0.3816
NIFTY IT TRI,20-06-2024,11977.81,0.1546
NIFTY IT TRI,21-06-2024,11754.75,-1.2546
NIFTY IT TRI,24-06-2024,12040.71,-0.4525
NIFTY IT TRI,25-06-2024,11940.49,-0.6162
NIFTY IT TRI,26-06-2024,11909.04,0.3258
NIFTY IT TRI,27-06-2024,11806.8,0.5166
NIFTY IT TRI,28-06-2024,11933.43,-0.4068
NIFTY IT TRI,01-07-2024,11588.88,1.1559
NIFTY IT TRI,02-07-2024,11765.05,1.1713
NIFTY IT TRI,03-07-2024,11766.26,2.2221
NIFTY IT TRI,04-07-2024,11724.45,0.921
NIFTY IT TRI,05-07-2024,11732.82,-0.1806
NIFTY IT TRI,08-07-2024,11830.86,-0.6382
NIFTY IT TRI,09-07-2024,11937.15,-1.2906
NIFTY IT TRI,10-07-2024,11921.17,-0.102
NIFTY IT TRI,11-07-2024,11831.34,0.2203
NIFTY IT TRI,12-07-2024,11832.62,-0.0248
NIFTY IT TRI,15-07-2024,12049.96,1.1382
NIFTY IT TRI,16-07-2024,11863.54,0.9406
NIFTY IT TRI,17-07-2024,11973.47,-0.4413
NIFTY IT TRI,18-07-2024,11833.56,-0.299
NIFTY IT TRI,19-07-2024,11846.82,0.2484
NIFTY IT TRI,22-07-2024,11678.43,-1.1724
NIFTY IT TRI,23-07-2024,11784.85,-0.7583
NIFTY IT TRI,24-07-2024,11841.54,-0.1466
NIFTY IT TRI,25-07-2024,11752.02,-1.0091
NIFTY IT TRI,26-07-2024,11695.75,1.5634
NIFTY IT TRI,29-07-2024,11551.14,0.3283
NIFTY IT TRI,30-07-2024,11547.25,-0.5921
NIFTY IT TRI,31-07-2024,11503.32,0.819
NIFTY IT TRI,01-08-2024,11643.83,-0.4031
NIFTY IT TRI,02-08-2024,11588.45,-1.1457
NIFTY IT TRI,05-08-2024,11510.62,-0.094
NIFTY IT TRI,06-08-2024,11377.48,1.5511
NIFTY IT TRI,07-08-2024,11389.79,-0.2515
NIFTY IT TRI,08-08-2024,11471.88,-0.9486
NIFTY IT TRI,09-08-2024,11457.71,0.068
NIFTY IT TRI,12-08-2024,11377.46,-1.121
NIFTY IT TRI,13-08-2024,11294.13,-1.233
NIFTY IT TRI,14-08-2024,11405.01,0.4802
NIFTY IT TRI,15-08-2024,11278.91,0.0973
NIFTY IT TRI,16-08-2024,11126.4,0.0472
NIFTY IT TRI,19-08-2024,11331.57,-1.1893
NIFTY IT TRI,20-08-2024,11447.11,0.7718
NIFTY IT TRI,21-08-2024,11533.17,0.4439
NIFTY IT TRI,22-08-2024,11491.17,-0.7955
NIFTY IT TRI,23-08-2024,11482.69,0.0387
NIFTY IT TRI,26-08-2024,11597.29,1.3638
NIFTY IT TRI,27-08-2024,11556.83,1.1571
NIFTY IT TRI,28-08-2024,11520.57,-1.2672
NIFTY IT TRI,29-08-2024,11482.36,-0.725
NIFTY IT TRI,30-08-2024,11535.19,0.7285
NIFTY IT TRI,02-09-2024,11507.04,-0.1601
NIFTY IT TRI,03-09-2024,11511.09,0.8645
NIFTY IT TRI,04-09-2024,11717.72,0.5271
NIFTY IT TRI,05-09-2024,11649.71,-0.2491
NIFTY IT TRI,06-09-2024,11624.9,0.4531
NIFTY IT TRI,09-09-2024,11796.27,0.3313
NIFTY IT TRI,10-09-2024,11730.69,0.2846
NIFTY IT TRI,11-09-2024,11555.6,0.3186
NIFTY IT TRI,12-09-2024,11451.53,1.1465
NIFTY IT TRI,13-09-2024,11516.64,0.4749
NIFTY IT TRI,16-09-2024,11410.1,-0.8232
NIFTY IT TRI,17-09-2024,11598.82,0.0592
NIFTY IT TRI,18-09-2024,11673.56,0.9175
NIFTY IT TRI,19-09-2024,11452.65,-0.6029
NIFTY IT TRI,20-09-2024,11490.88,1.8851
NIFTY IT TRI,23-09-2024,11463.04,0.0664
NIFTY IT TRI,24-09-2024,11600.11,-0.5346
NIFTY IT TRI,25-09-2024,11755.59,-0.0517
NIFTY IT TRI,26-09-2024,11651.66,-0.6133
NIFTY IT TRI,27-09-2024,11893.25,1.7356
NIFTY IT TRI,30-09-2024,11761.54,0.3628
NIFTY IT TRI,01-10-2024,11718.35,-1.0832
NIFTY IT TRI,02-10-2024,11710.17,-0.8126
NIFTY IT TRI,03-10-2024,11635.7,-0.8609
NIFTY IT TRI,04-10-2024,11514.22,0.2286
NIFTY IT TRI,07-10-2024,11614.64,0.208
NIFTY IT TRI,08-10-2024,11587.0,-0.0832
NIFTY IT TRI,09-10-2024,11611.85,-0.3254
NIFTY IT TRI,10-10-2024,11631.66,0.3488
NIFTY IT TRI,11-10-2024,11671.68,-1.1179
NIFTY IT TRI,14-10-2024,11670.51,-0.4394
NIFTY IT TRI,15-10-2024,11735.47,-0.9116
NIFTY IT TRI,16-10-2024,11770.85,0.1494
NIFTY IT TRI,17-10-2024,11707.74,1.3606
NIFTY IT TRI,18-10-2024,11723.44,0.5679
NIFTY IT TRI,21-10-2024,11846.4,-0.5749
NIFTY IT TRI,22-10-2024,11854.63,0.3558
NIFTY IT TRI,23-10-2024,11851.99,0.1194
NIFTY IT TRI,24-10-2024,11731.87,0.6573
NIFTY IT TRI,25-10-2024,11836.33,-0.6615
NIFTY IT TRI,28-10-2024,12018.55,-0.8039
NIFTY IT TRI,29-10-2024,11927.5,-0.6742
NIFTY IT TRI,30-10-2024,12105.62,0.5384
NIFTY IT TRI,31-10-2024,12066.36,0.566
NIFTY IT TRI,01-11-2024,11973.97,0.0594
NIFTY IT TRI,04-11-2024,11803.25,-1.4892
NIFTY IT TRI,05-11-2024,11991.77,-0.5819
NIFTY IT TRI,06-11-2024,12131.32,-0.8311
NIFTY IT TRI,07-11-2024,12160.73,0.0367
NIFTY IT TRI,08-11-2024,12166.75,0.9418
NIFTY IT TRI,11-11-2024,12224.84,-2.1214
NIFTY IT TRI,12-11-2024,12347.24,-0.1907
NIFTY IT TRI,13-11-2024,12240.32,0.1675
NIFTY IT TRI,14-11-2024,12086.04,-1.1946
NIFTY IT TRI,15-11-2024,12139.63,-0.4383
NIFTY IT TRI,18-11-2024,12140.82,0.9951
NIFTY IT TRI,19-11-2024,12188.14,-0.7777
NIFTY IT TRI,20-11-2024,12321.96,-1.1858
NIFTY IT TRI,21-11-2024,12477.21,-0.4209
NIFTY IT TRI,22-11-2024,12318.84,0.8747
NIFTY IT TRI,25-11-2024,12570.25,0.6936
NIFTY IT TRI,26-11-2024,12650.86,0.2612
NIFTY IT TRI,27-11-2024,12624.45,-0.7561
NIFTY IT TRI,28-11-2024,12624.08,0.196
NIFTY IT TRI,29-11-2024,12526.1,0.4347
NIFTY IT TRI,02-12-2024,12863.87,-0.8485
NIFTY IT TRI,03-12-2024,12790.63,-0.1091
NIFTY IT TRI,04-12-2024,12669.37,0.2677
NIFTY IT TRI,05-12-2024,12505.34,-0.1609
NIFTY IT TRI,06-12-2024,12662.14,-0.666
NIFTY IT TRI,09-12-2024,12771.67,0.3005
NIFTY IT TRI,10-12-2024,12518.25,-0.7552
NIFTY IT TRI,11-12-2024,12455.61,0.159
NIFTY IT TRI,12-12-2024,12471.98,-0.6611
NIFTY IT TRI,13-12-2024,12441.4,-1.5939
NIFTY IT TRI,16-12-2024,12241.85,-0.8118
NIFTY IT TRI,17-12-2024,12154.24,-0.0922
NIFTY IT TRI,18-12-2024,12320.22,-0.5348
NIFTY IT TRI,19-12-2024,12346.13,0.3004
NIFTY IT TRI,20-12-2024,12260.99,1.1276
NIFTY IT TRI,23-12-2024,12482.16,-0.5675
NIFTY IT TRI,24-12-2024,12555.75,-0.4509
NIFTY IT TRI,25-12-2024,12470.14,-1.2674
NIFTY IT TRI,26-12-2024,12351.25,-0.5393
NIFTY IT TRI,27-12-2024,12267.74,-0.9012
NIFTY IT TRI,30-12-2024,12380.75,-0.8182
CRISIL Short Duration,01-01-2024,17511.72,0.7067
CRISIL Short Duration,02-01-2024,17589.76,-0.256
CRISIL Short Duration,03-01-2024,17462.01,-0.4467
CRISIL Short Duration,04-01-2024,17491.91,-1.211
CRISIL Short Duration,05-01-2024,17347.22,-0.9498
CRISIL Short Duration,08-01-2024,17182.66,-0.2285
CRISIL Short Duration,09-01-2024,17109.14,0.6643
CRISIL Short Duration,10-01-2024,17282.37,-0.1778
CRISIL Short Duration,11-01-2024,17140.3,0.3042
CRISIL Short Duration,12-01-2024,17015.76,0.9788
CRISIL Short Duration,15-01-2024,17214.16,0.5156
CRISIL Short Duration,16-01-2024,17410.19,0.3125
CRISIL Short Duration,17-01-2024,17108.01,-0.3492
CRISIL Short Duration,18-01-2024,17166.7,-0.7808
CRISIL Short Duration,19-01-2024,17228.48,0.1646
CRISIL Short Duration,22-01-2024,17444.77,0.197
CRISIL Short Duration,23-01-2024,17130.75,-0.2621
CRISIL Short Duration,24-01-2024,17269.47,-1.6938
CRISIL Short Duration,25-01-2024,17433.38,0.655
CRISIL Short Duration,26-01-2024,17437.46,-0.2824
CRISIL Short Duration,29-01-2024,17611.49,0.561
CRISIL Short Duration,30-01-2024,17702.85,0.1514
CRISIL Short Duration,31-01-2024,18095.55,1.7043
CRISIL Short Duration,01-02-2024,17850.91,0.6326
CRISIL Short Duration,02-02-2024,17841.83,-0.7424
CRISIL Short Duration,05-02-2024,17701.43,0.2941
CRISIL Short Duration,06-02-2024,17792.35,-0.2465
CRISIL Short Duration,07-02-2024,17671.28,-0.5426
CRISIL Short Duration,08-02-2024,17533.14,-0.5009
CRISIL Short Duration,09-02-2024,17676.22,-0.7846
CRISIL Short Duration,12-02-2024,17634.85,1.3103
CRISIL Short Duration,13-02-2024,17698.91,0.7799
CRISIL Short Duration,14-02-2024,17871.78,0.0895
CRISIL Short Duration,15-02-2024,18124.35,0.0294
CRISIL Short Duration,16-02-2024,18194.66,0.9874
CRISIL Short Duration,19-02-2024,17976.2,-0.4845
CRISIL Short Duration,20-02-2024,18004.86,-0.1906
CRISIL Short Duration,21-02-2024,18112.17,0.6621
CRISIL Short Duration,22-02-2024,18047.51,0.0172
CRISIL Short Duration,23-02-2024,18070.89,0.2664
CRISIL Short Duration,26-02-2024,18159.85,0.3758
CRISIL Short Duration,27-02-2024,18108.49,0.2536
CRISIL Short Duration,28-02-2024,18196.41,-0.5428
CRISIL Short Duration,29-02-2024,18111.8,0.9113
CRISIL Short Duration,01-03-2024,18025.59,1.9515
CRISIL Short Duration,04-03-2024,18226.64,0.361
CRISIL Short Duration,05-03-2024,18347.05,-1.2233
CRISIL Short Duration,06-03-2024,18325.83,-1.2941
CRISIL Short Duration,07-03-2024,18367.21,-0.1365
CRISIL Short Duration,08-03-2024,18328.17,1.206
CRISIL Short Duration,11-03-2024,18570.03,0.4584
CRISIL Short Duration,12-03-2024,18655.33,0.0472
CRISIL Short Duration,13-03-2024,18396.09,-0.1049
CRISIL Short Duration,14-03-2024,18394.87,0.3044
CRISIL Short Duration,15-03-2024,18388.28,0.6016
CRISIL Short Duration,18-03-2024,17862.52,-0.3754
CRISIL Short Duration,19-03-2024,17678.67,-1.2486
CRISIL Short Duration,20-03-2024,17720.6,-0.0168
CRISIL Short Duration,21-03-2024,17622.04,0.3347
CRISIL Short Duration,22-03-2024,17534.56,-0.5776
CRISIL Short Duration,25-03-2024,17617.27,1.4126
CRISIL Short Duration,26-03-2024,17770.92,0.3253
CRISIL Short Duration,27-03-2024,17838.61,0.5072
CRISIL Short Duration,28-03-2024,17847.3,-1.5187
CRISIL Short Duration,29-03-2024,17989.31,-0.7297
CRISIL Short Duration,01-04-2024,18200.75,0.342
CRISIL Short Duration,02-04-2024,18231.71,0.2043
CRISIL Short Duration,03-04-2024,18092.86,-0.6886
CRISIL Short Duration,04-04-2024,18238.04,-0.1963
CRISIL Short Duration,05-04-2024,18050.87,0.4401
CRISIL Short Duration,08-04-2024,18115.28,0.7286
CRISIL Short Duration,09-04-2024,18088.83,-0.3877
CRISIL Short Duration,10-04-2024,17786.9,0.9338
CRISIL Short Duration,11-04-2024,17684.23,-0.0751
CRISIL Short Duration,12-04-2024,17834.57,-0.2374
CRISIL Short Duration,15-04-2024,17576.77,-0.3229
CRISIL Short Duration,16-04-2024,17448.2,-0.543
CRISIL Short Duration,17-04-2024,17444.57,-1.1652
CRISIL Short Duration,18-04-2024,17354.54,-1.341
CRISIL Short Duration,19-04-2024,17273.56,-1.601
CRISIL Short Duration,22-04-2024,17353.2,0.0502
CRISIL Short Duration,23-04-2024,17290.94,0.3851
CRISIL Short Duration,24-04-2024,17229.26,0.6682
CRISIL Short Duration,25-04-2024,16882.29,-0.0193
CRISIL Short Duration,26-04-2024,16845.94,0.8924
CRISIL Short Duration,29-04-2024,16497.85,0.2173
CRISIL Short Duration,30-04-2024,16481.37,0.3553
CRISIL Short Duration,01-05-2024,16568.88,-0.0329
CRISIL Short Duration,02-05-2024,16553.68,0.3302
CRISIL Short Duration,03-05-2024,16386.64,0.0585
CRISIL Short Duration,06-05-2024,16287.82,-0.5896
CRISIL Short Duration,07-05-2024,16147.94,-0.9432
CRISIL Short Duration,08-05-2024,16145.94,-0.1779
CRISIL Short Duration,09-05-2024,15708.18,-0.6024
CRISIL Short Duration,10-05-2024,15790.72,2.0924
CRISIL Short Duration,13-05-2024,15964.8,-0.7155
CRISIL Short Duration,14-05-2024,15873.37,1.1703
CRISIL Short Duration,15-05-2024,15947.62,0.4762
CRISIL Short Duration,16-05-2024,16101.64,-0.573
CRISIL Short Duration,17-05-2024,16236.4,0.2873
CRISIL Short Duration,20-05-2024,16198.94,-0.9088
CRISIL Short Duration,21-05-2024,16331.48,0.4888
CRISIL Short Duration,22-05-2024,16222.78,-0.2636
CRISIL Short Duration,23-05-2024,16338.02,-0.3753
CRISIL Short Duration,24-05-2024,16325.22,-1.605
CRISIL Short Duration,27-05-2024,16312.97,1.5475
CRISIL Short Duration,28-05-2024,16270.12,1.4396
CRISIL Short Duration,29-05-2024,16204.51,-0.3146
CRISIL Short Duration,30-05-2024,16139.84,0.9741
CRISIL Short Duration,31-05-2024,16011.61,0.7265
CRISIL Short Duration,03-06-2024,15776.63,0.876
CRISIL Short Duration,04-06-2024,15730.6,0.2136
CRISIL Short Duration,05-06-2024,15747.9,0.3288
CRISIL Short Duration,06-06-2024,15628.89,0.2822
CRISIL Short Duration,07-06-2024,15437.23,-1.0358
CRISIL Short Duration,10-06-2024,15468.67,-0.4786
CRISIL Short Duration,11-06-2024,15653.38,0.7502
CRISIL Short Duration,12-06-2024,15563.55,-0.1429
CRISIL Short Duration,13-06-2024,15610.19,-0.3947
CRISIL Short Duration,14-06-2024,15561.09,-0.7759
CRISIL Short Duration,17-06-2024,15804.41,0.3553
CRISIL Short Duration,18-06-2024,15853.38,0.4827
CRISIL Short Duration,19-06-2024,15779.21,0.2049
CRISIL Short Duration,20-06-2024,15775.15,0.5603
CRISIL Short Duration,21-06-2024,15777.8,0.5001
CRISIL Short Duration,24-06-2024,15778.14,-0.8131
CRISIL Short Duration,25-06-2024,15698.42,-1.3235
CRISIL Short Duration,26-06-2024,15748.13,-1.191
CRISIL Short Duration,27-06-2024,16063.04,0.111
CRISIL Short Duration,28-06-2024,16225.48,-0.1895
CRISIL Short Duration,01-07-2024,16528.05,0.5248
CRISIL Short Duration,02-07-2024,16409.12,0.5445
CRISIL Short Duration,03-07-2024,16476.83,-0.0681
CRISIL Short Duration,04-07-2024,16699.63,-0.6749
CRISIL Short Duration,05-07-2024,16824.15,0.4945
CRISIL Short Duration,08-07-2024,17124.41,-1.1517
CRISIL Short Duration,09-07-2024,17055.62,-0.3901
CRISIL Short Duration,10-07-2024,17043.81,0.4066
CRISIL Short Duration,11-07-2024,17051.0,-0.697
CRISIL Short Duration,12-07-2024,16988.79,0.3101
CRISIL Short Duration,15-07-2024,16785.84,1.1598
CRISIL Short Duration,16-07-2024,16720.69,0.6006
CRISIL Short Duration,17-07-2024,16662.1,-0.69
CRISIL Short Duration,18-07-2024,16728.2,-0.0096
CRISIL Short Duration,19-07-2024,16587.47,-1.0176
CRISIL Short Duration,22-07-2024,16357.94,0.944
CRISIL Short Duration,23-07-2024,16180.85,-0.9057
CRISIL Short Duration,24-07-2024,16122.24,0.8192
CRISIL Short Duration,25-07-2024,16225.44,0.2276
CRISIL Short Duration,26-07-2024,15973.89,0.0553
CRISIL Short Duration,29-07-2024,16321.3,-0.2296
CRISIL Short Duration,30-07-2024,16439.6,-0.1294
CRISIL Short Duration,31-07-2024,16390.95,-0.8337
CRISIL Short Duration,01-08-2024,16330.05,0.915
CRISIL Short Duration,02-08-2024,16334.37,0.0792
CRISIL Short Duration,05-08-2024,16128.86,0.5459
CRISIL Short Duration,06-08-2024,16141.47,0.0113
CRISIL Short Duration,07-08-2024,16099.49,1.1552
CRISIL Short Duration,08-08-2024,16218.57,0.1087
CRISIL Short Duration,09-08-2024,16266.67,1.4855
CRISIL Short Duration,12-08-2024,15940.51,-1.4559
CRISIL Short Duration,13-08-2024,15922.47,-0.5359
CRISIL Short Duration,14-08-2024,15656.5,0.8989
CRISIL Short Duration,15-08-2024,15594.39,0.7082
CRISIL Short Duration,16-08-2024,15669.92,-0.0911
CRISIL Short Duration,19-08-2024,15442.87,1.0848
CRISIL Short Duration,20-08-2024,15365.6,1.4155
CRISIL Short Duration,21-08-2024,15371.13,0.8936
CRISIL Short Duration,22-08-2024,15373.3,1.8754
CRISIL Short Duration,23-08-2024,15137.83,-0.0907
CRISIL Short Duration,26-08-2024,15150.33,0.2669
CRISIL Short Duration,27-08-2024,15229.9,-1.2274
CRISIL Short Duration,28-08-2024,15282.74,1.0849
CRISIL Short Duration,29-08-2024,15528.96,-0.6111
CRISIL Short Duration,30-08-2024,15281.45,0.9585
CRISIL Short Duration,02-09-2024,15399.52,0.1321
CRISIL Short Duration,03-09-2024,15634.54,-0.7518
CRISIL Short Duration,04-09-2024,15558.13,0.1448
CRISIL Short Duration,05-09-2024,15608.5,0.6052
CRISIL Short Duration,06-09-2024,15703.42,-0.4225
CRISIL Short Duration,09-09-2024,15982.18,0.4235
CRISIL Short Duration,10-09-2024,15893.11,0.4869
CRISIL Short Duration,11-09-2024,15663.16,0.0534
CRISIL Short Duration,12-09-2024,15472.17,-0.1051
CRISIL Short Duration,13-09-2024,15476.86,-1.0281
CRISIL Short Duration,16-09-2024,16108.09,0.1747
CRISIL Short Duration,17-09-2024,16153.94,-0.0709
CRISIL Short Duration,18-09-2024,16241.55,-1.2732
CRISIL Short Duration,19-09-2024,16213.73,-1.4351
CRISIL Short Duration,20-09-2024,16352.75,0.713
CRISIL Short Duration,23-09-2024,16578.09,0.6011
CRISIL Short Duration,24-09-2024,16401.39,-0.25
CRISIL Short Duration,25-09-2024,16391.69,0.0967
CRISIL Short Duration,26-09-2024,16619.1,-0.6436
CRISIL Short Duration,27-09-2024,16910.34,-0.5435
CRISIL Short Duration,30-09-2024,17128.0,0.0504
CRISIL Short Duration,01-10-2024,17209.12,1.1468
CRISIL Short Duration,02-10-2024,17019.02,0.4052
CRISIL Short Duration,03-10-2024,17046.83,-0.044
CRISIL Short Duration,04-10-2024,16832.16,-0.3078
CRISIL Short Duration,07-10-2024,16892.67,-0.8666
CRISIL Short Duration,08-10-2024,16764.79,0.3193
CRISIL Short Duration,09-10-2024,16675.98,0.042
CRISIL Short Duration,10-10-2024,16605.61,0.4891
CRISIL Short Duration,11-10-2024,16538.31,-0.6693
CRISIL Short Duration,14-10-2024,16610.86,-0.4628
CRISIL Short Duration,15-10-2024,16575.6,-0.6887
CRISIL Short Duration,16-10-2024,16681.61,0.2772
CRISIL Short Duration,17-10-2024,16634.01,-0.1996
CRISIL Short Duration,18-10-2024,16809.88,-0.2756
CRISIL Short Duration,21-10-2024,17482.7,0.1908
CRISIL Short Duration,22-10-2024,17402.62,-0.3972
CRISIL Short Duration,23-10-2024,17428.16,-1.0576
CRISIL Short Duration,24-10-2024,17355.72,-0.1475
CRISIL Short Duration,25-10-2024,17259.36,1.393
CRISIL Short Duration,28-10-2024,17374.98,-1.6478
CRISIL Short Duration,29-10-2024,17204.06,0.3041
CRISIL Short Duration,30-10-2024,17228.24,-0.2085
CRISIL Short Duration,31-10-2024,17029.94,-1.2219
CRISIL Short Duration,01-11-2024,16982.04,0.5169
CRISIL Short Duration,04-11-2024,16773.44,-0.1557
CRISIL Short Duration,05-11-2024,16825.26,0.3123
CRISIL Short Duration,06-11-2024,16909.39,0.8586
CRISIL Short Duration,07-11-2024,16823.72,-0.6312
CRISIL Short Duration,08-11-2024,16743.85,0.5607
CRISIL Short Duration,11-11-2024,17043.56,1.6523
CRISIL Short Duration,12-11-2024,17178.23,0.0911
CRISIL Short Duration,13-11-2024,16983.32,0.9371
CRISIL Short Duration,14-11-2024,17189.78,-0.4162
CRISIL Short Duration,15-11-2024,17229.1,0.0011
CRISIL Short Duration,18-11-2024,17400.12,0.9454
CRISIL Short Duration,19-11-2024,17551.91,-0.2287
CRISIL Short Duration,20-11-2024,17758.94,0.0301
CRISIL Short Duration,21-11-2024,17883.36,-0.1512
CRISIL Short Duration,22-11-2024,18005.29,-0.5309
CRISIL Short Duration,25-11-2024,18032.45,1.2052
CRISIL Short Duration,26-11-2024,18106.89,-0.6456
CRISIL Short Duration,27-11-2024,17991.5,0.0532
CRISIL Short Duration,28-11-2024,17964.3,-0.0617
CRISIL Short Duration,29-11-2024,18038.47,1.031
CRISIL Short Duration,02-12-2024,18327.85,0.4019
CRISIL Short Duration,03-12-2024,18206.49,-0.5027
CRISIL Short Duration,04-12-2024,18238.84,0.3381
CRISIL Short Duration,05-12-2024,18186.06,0.4331
CRISIL Short Duration,06-12-2024,18274.76,0.3662
CRISIL Short Duration,09-12-2024,18062.85,-0.1682
CRISIL Short Duration,10-12-2024,17929.98,-0.0595
CRISIL Short Duration,11-12-2024,18000.61,0.1353
CRISIL Short Duration,12-12-2024,18159.1,0.3883
CRISIL Short Duration,13-12-2024,18222.9,-0.6021
CRISIL Short Duration,16-12-2024,18650.75,0.6897
CRISIL Short Duration,17-12-2024,18854.71,0.253
CRISIL Short Duration,18-12-2024,18994.28,1.2576
CRISIL Short Duration,19-12-2024,19272.28,-1.8281
CRISIL Short Duration,20-12-2024,19337.72,0.1212
CRISIL Short Duration,23-12-2024,19495.69,-0.1969
CRISIL Short Duration,24-12-2024,19622.06,1.1875
CRISIL Short Duration,25-12-2024,19732.08,-0.8267
CRISIL Short Duration,26-12-2024,19653.77,-0.0659
CRISIL Short Duration,27-12-2024,19758.13,0.5535
CRISIL Short Duration,30-12-2024,19843.15,0.9994
