amfi_code,month,sip_inflows_cr,sip_registrations,sip_cancellations
100067,2023-01,0.79,49789,2560
100067,2023-02,5.77,1019,1382
100067,2023-03,3.68,2683,3666
100067,2023-04,0.91,27454,3249
100067,2023-05,7.5,23568,2881
100067,2023-06,3.4,8055,3526
100067,2023-07,2.4,26025,3906
100067,2023-08,26.77,37727,4042
100067,2023-09,19.06,47405,782
100067,2023-10,27.75,16315,1229
100067,2023-11,13.88,29716,267
100067,2023-12,6.31,6147,2998
100067,2024-01,4.66,6523,2803
100067,2024-02,18.2,5537,102
100067,2024-03,8.5,9977,2414
100067,2024-04,6.03,21823,4587
100067,2024-05,4.63,7784,797
100067,2024-06,12.71,7965,1875
100188,2023-01,1.99,1539,4028
100188,2023-02,9.76,22235,3661
100188,2023-03,3.0,8339,794
100188,2023-04,11.0,10447,4499
100188,2023-05,7.43,37586,4760
100188,2023-06,31.12,29081,2054
100188,2023-07,0.55,42900,2318
100188,2023-08,8.15,5694,3648
100188,2023-09,29.01,33841,4145
100188,2023-10,18.42,30704,4566
100188,2023-11,3.69,8858,4784
100188,2023-12,16.04,20624,3045
100188,2024-01,4.21,38990,4601
100188,2024-02,3.57,19736,1011
100188,2024-03,5.36,2430,2248
100188,2024-04,15.92,23664,4752
100188,2024-05,6.17,543,116
100188,2024-06,21.83,31317,4592
100209,2023-01,3.12,27571,59
100209,2023-02,20.85,46144,192
100209,2023-03,15.93,12333,2657
100209,2023-04,1.59,47679,243
100209,2023-05,6.85,12252,4575
100209,2023-06,5.58,4047,2534
100209,2023-07,13.03,7901,1110
100209,2023-08,1.97,14123,1732
100209,2023-09,0.57,12175,860
100209,2023-10,17.63,27124,3117
100209,2023-11,16.73,27353,3049
100209,2023-12,1.42,14348,1662
100209,2024-01,8.55,29645,2922
100209,2024-02,19.45,26954,924
100209,2024-03,15.94,49521,4021
100209,2024-04,3.05,13298,4666
100209,2024-05,23.99,33874,1195
100209,2024-06,5.83,39267,3420
100329,2023-01,18.67,6046,2056
100329,2023-02,4.97,23167,4262
100329,2023-03,4.21,32325,2670
100329,2023-04,6.22,46946,3380
100329,2023-05,17.24,15189,2201
100329,2023-06,19.87,48208,3770
100329,2023-07,0.23,2669,3896
100329,2023-08,11.93,24852,2035
100329,2023-09,3.56,27908,818
100329,2023-10,37.39,2048,3911
100329,2023-11,26.12,2584,657
100329,2023-12,20.11,47006,569
100329,2024-01,19.74,12849,1111
100329,2024-02,5.99,47083,4437
100329,2024-03,13.47,37571,773
100329,2024-04,7.48,20418,3958
100329,2024-05,3.81,48597,1668
100329,2024-06,8.52,31200,3947
100431,2023-01,4.75,9922,1753
100431,2023-02,2.32,14617,1580
100431,2023-03,15.61,28816,1310
100431,2023-04,6.0,47478,2242
100431,2023-05,6.97,47325,28
100431,2023-06,0.02,4443,15
100431,2023-07,7.73,28227,3239
100431,2023-08,7.17,9234,3150
100431,2023-09,9.25,25584,2880
100431,2023-10,12.45,8383,1029
100431,2023-11,1.59,45650,655
100431,2023-12,3.18,6317,4801
100431,2024-01,0.4,9258,1224
100431,2024-02,17.08,42325,4920
100431,2024-03,2.04,36467,1901
100431,2024-04,1.39,3640,4318
100431,2024-05,22.6,47014,3221
100431,2024-06,1.11,36623,4927
100500,2023-01,11.26,21879,444
100500,2023-02,3.62,22149,2834
100500,2023-03,7.2,26670,1820
100500,2023-04,2.99,10302,2161
100500,2023-05,11.39,37873,1186
100500,2023-06,0.97,15686,2253
100500,2023-07,3.3,45886,347
100500,2023-08,22.09,10121,4911
100500,2023-09,3.44,17453,2917
100500,2023-10,12.6,3366,3193
100500,2023-11,0.61,16034,954
100500,2023-12,9.12,31710,4940
100500,2024-01,1.23,20263,947
100500,2024-02,13.19,43187,2387
100500,2024-03,8.28,392,434
100500,2024-04,11.77,6920,4815
100500,2024-05,0.61,31975,2223
100500,2024-06,34.55,40722,2717
100642,2023-01,3.54,39305,3395
100642,2023-02,1.8,46908,1572
100642,2023-03,32.54,35508,3933
100642,2023-04,11.2,30806,2900
100642,2023-05,11.68,44648,4340
100642,2023-06,3.18,31078,1876
100642,2023-07,46.74,32360,3594
100642,2023-08,2.19,47163,1566
100642,2023-09,10.15,39901,1577
100642,2023-10,33.13,45390,4220
100642,2023-11,6.34,49336,1113
100642,2023-12,71.41,14436,2284
100642,2024-01,7.74,42202,3885
100642,2024-02,9.4,26144,2272
100642,2024-03,20.33,10583,3989
100642,2024-04,12.65,38873,2464
100642,2024-05,3.55,25510,103
100642,2024-06,7.03,12698,692
100711,2023-01,2.72,40714,100
100711,2023-02,4.69,1707,1664
100711,2023-03,2.18,16232,2824
100711,2023-04,1.09,48955,806
100711,2023-05,3.8,9347,644
100711,2023-06,0.4,39332,3110
100711,2023-07,5.42,36286,2191
100711,2023-08,10.4,30009,1726
100711,2023-09,4.2,33882,3460
100711,2023-10,6.66,6351,1410
100711,2023-11,13.5,15842,2638
100711,2023-12,18.25,43140,4937
100711,2024-01,1.69,18542,3415
100711,2024-02,3.33,1674,3546
100711,2024-03,7.19,24758,1808
100711,2024-04,1.14,36978,332
100711,2024-05,5.48,19633,3251
100711,2024-06,1.75,6006,545
100875,2023-01,19.51,36288,2949
100875,2023-02,6.8,30756,3874
100875,2023-03,7.75,18312,4660
100875,2023-04,4.41,34319,1630
100875,2023-05,0.75,39698,1853
100875,2023-06,10.22,35207,1240
100875,2023-07,0.86,2749,3199
100875,2023-08,0.05,24658,4648
100875,2023-09,3.3,7709,4024
100875,2023-10,34.94,30666,4867
100875,2023-11,12.46,39612,165
100875,2023-12,43.88,45558,2543
100875,2024-01,6.95,11829,1550
100875,2024-02,5.51,2991,4719
100875,2024-03,3.21,34462,4055
100875,2024-04,2.77,8011,3144
100875,2024-05,22.55,11728,4226
100875,2024-06,6.63,8025,54
100952,2023-01,0.91,30814,4586
100952,2023-02,5.13,16719,1227
100952,2023-03,0.35,25066,3386
100952,2023-04,31.29,12955,1000
100952,2023-05,22.3,31436,3368
100952,2023-06,13.44,35995,3635
100952,2023-07,21.16,15230,3173
100952,2023-08,1.86,38950,246
100952,2023-09,25.43,40533,3119
100952,2023-10,26.81,22326,2359
100952,2023-11,1.25,47698,2843
100952,2023-12,4.51,11226,1623
100952,2024-01,6.19,39081,416
100952,2024-02,2.5,36918,3007
100952,2024-03,4.59,45527,910
100952,2024-04,1.48,40392,3311
100952,2024-05,17.6,22394,2387
100952,2024-06,2.53,16603,447
101064,2023-01,27.49,35694,1877
101064,2023-02,2.32,423,4733
101064,2023-03,4.89,43892,2640
101064,2023-04,4.23,15476,4870
101064,2023-05,19.8,5864,2249
101064,2023-06,7.33,7993,1901
101064,2023-07,4.58,46913,2777
101064,2023-08,20.21,11007,1462
101064,2023-09,1.33,6655,803
101064,2023-10,0.93,44004,283
101064,2023-11,2.67,46843,4812
101064,2023-12,8.57,21424,3134
101064,2024-01,28.23,35392,2803
101064,2024-02,0.63,15062,3251
101064,2024-03,2.93,6039,3974
101064,2024-04,4.6,29363,2354
101064,2024-05,3.18,21100,2590
101064,2024-06,2.03,4687,4183
101198,2023-01,20.24,19695,74
101198,2023-02,10.55,39644,2939
101198,2023-03,4.55,12419,3113
101198,2023-04,4.12,10605,4172
101198,2023-05,6.51,15965,3403
101198,2023-06,20.32,11987,1897
101198,2023-07,6.47,44634,3803
101198,2023-08,1.88,5076,2831
101198,2023-09,16.73,30944,3980
101198,2023-10,13.68,48978,2621
101198,2023-11,0.0,1813,4586
101198,2023-12,5.15,9758,2844
101198,2024-01,5.69,42084,1558
101198,2024-02,8.8,33042,4038
101198,2024-03,4.78,5582,3332
101198,2024-04,17.41,46894,1023
101198,2024-05,13.86,4797,1866
101198,2024-06,19.86,12939,3032
101243,2023-01,6.71,23691,1944
101243,2023-02,18.88,853,3834
101243,2023-03,5.05,26933,4802
101243,2023-04,3.06,16294,252
101243,2023-05,13.37,33197,1249
101243,2023-06,17.44,18833,3894
101243,2023-07,3.19,37044,1103
101243,2023-08,27.27,42833,1483
101243,2023-09,0.69,33683,1673
101243,2023-10,5.64,31727,320
101243,2023-11,0.54,34820,1456
101243,2023-12,4.99,48704,860
101243,2024-01,6.88,3600,2900
101243,2024-02,3.45,41620,3881
101243,2024-03,3.28,14869,1561
101243,2024-04,5.2,9821,2720
101243,2024-05,13.23,10883,3380
101243,2024-06,12.84,3529,3079
101394,2023-01,4.25,12204,4528
101394,2023-02,17.86,25467,3690
101394,2023-03,16.73,21919,493
101394,2023-04,15.75,12792,2250
101394,2023-05,3.09,36442,3852
101394,2023-06,9.14,18388,2647
101394,2023-07,0.52,38016,1934
101394,2023-08,5.72,33171,158
101394,2023-09,2.55,21562,1513
101394,2023-10,1.03,32372,4241
101394,2023-11,0.15,9558,2093
101394,2023-12,4.39,23033,1895
101394,2024-01,14.79,45853,1591
101394,2024-02,0.88,33005,651
101394,2024-03,15.99,4851,4600
101394,2024-04,0.0,39645,3020
101394,2024-05,8.95,38468,3888
101394,2024-06,9.99,34618,1055
101458,2023-01,2.94,18533,3736
101458,2023-02,0.32,37127,4244
101458,2023-03,11.28,44821,3088
101458,2023-04,10.39,21405,4004
101458,2023-05,13.23,12907,329
101458,2023-06,4.83,49358,1890
101458,2023-07,4.94,49116,553
101458,2023-08,0.65,188,3672
101458,2023-09,26.96,8627,3156
101458,2023-10,4.18,31124,485
101458,2023-11,9.66,42113,1833
101458,2023-12,5.96,22228,3843
101458,2024-01,15.12,19811,1326
101458,2024-02,1.4,28649,1844
101458,2024-03,0.22,951,3021
101458,2024-04,2.48,23701,2555
101458,2024-05,11.94,37382,2682
101458,2024-06,1.66,42920,2482
101580,2023-01,1.38,7990,1259
101580,2023-02,38.71,7602,781
101580,2023-03,7.17,28858,1511
101580,2023-04,8.65,30507,4695
101580,2023-05,14.13,18634,3278
101580,2023-06,4.21,5256,3157
101580,2023-07,1.64,10147,4972
101580,2023-08,5.11,30412,4004
101580,2023-09,7.4,45821,2534
101580,2023-10,16.62,22733,117
101580,2023-11,0.89,26554,1059
101580,2023-12,2.65,24506,1269
101580,2024-01,8.54,25923,4167
101580,2024-02,15.02,29342,904
101580,2024-03,0.25,28552,2400
101580,2024-04,30.73,3112,3535
101580,2024-05,3.08,648,281
101580,2024-06,1.55,39545,1804
101677,2023-01,11.07,39378,2207
101677,2023-02,0.49,8341,1310
101677,2023-03,0.59,48050,4428
101677,2023-04,7.68,33451,544
101677,2023-05,17.94,31228,3162
101677,2023-06,27.67,16790,48
101677,2023-07,13.2,29587,504
101677,2023-08,19.15,25742,2253
101677,2023-09,10.69,29890,2478
101677,2023-10,7.39,18401,3404
101677,2023-11,0.01,42577,178
101677,2023-12,14.62,35459,2538
101677,2024-01,6.18,49911,2289
101677,2024-02,9.06,6985,2143
101677,2024-03,7.35,47768,4485
101677,2024-04,23.36,45806,3528
101677,2024-05,6.91,16119,2659
101677,2024-06,11.43,36690,3617
101740,2023-01,14.46,24269,800
101740,2023-02,0.73,24190,2143
101740,2023-03,0.69,40907,4705
101740,2023-04,10.5,2607,877
101740,2023-05,0.46,19331,4614
101740,2023-06,15.93,44040,2856
101740,2023-07,8.6,38383,1747
101740,2023-08,20.65,18837,1686
101740,2023-09,3.01,39715,2215
101740,2023-10,2.97,8308,2487
101740,2023-11,5.79,2007,1379
101740,2023-12,21.38,19647,703
101740,2024-01,15.17,13434,4614
101740,2024-02,4.48,43069,3671
101740,2024-03,13.58,8140,3568
101740,2024-04,19.15,2424,3314
101740,2024-05,3.29,10685,2253
101740,2024-06,14.33,13595,235
101861,2023-01,15.18,881,1528
101861,2023-02,2.3,40271,1575
101861,2023-03,9.89,19101,4786
101861,2023-04,5.47,33465,3302
101861,2023-05,3.18,47472,3216
101861,2023-06,2.56,17631,2452
101861,2023-07,1.98,16637,3549
101861,2023-08,1.37,10388,3264
101861,2023-09,3.7,8900,1030
101861,2023-10,0.8,20788,3595
101861,2023-11,16.18,27718,1899
101861,2023-12,2.49,46628,3750
101861,2024-01,5.45,2999,2098
101861,2024-02,7.87,17041,3417
101861,2024-03,5.29,37741,803
101861,2024-04,9.15,43658,266
101861,2024-05,3.36,1260,1159
101861,2024-06,4.8,9920,1770
101916,2023-01,6.52,40261,4753
101916,2023-02,5.0,3488,569
101916,2023-03,17.52,38293,2942
101916,2023-04,0.68,572,71
101916,2023-05,2.62,15348,4438
101916,2023-06,1.75,19640,1166
101916,2023-07,16.37,34866,4862
101916,2023-08,7.67,25706,1849
101916,2023-09,3.55,14853,1720
101916,2023-10,13.7,46690,4036
101916,2023-11,10.36,46801,1269
101916,2023-12,3.14,48473,1355
101916,2024-01,8.42,26205,2215
101916,2024-02,9.46,2067,3384
101916,2024-03,3.19,25831,2714
101916,2024-04,9.86,17456,4186
101916,2024-05,7.82,2132,4079
101916,2024-06,3.72,15700,853
102061,2023-01,10.96,33680,3208
102061,2023-02,16.57,34757,488
102061,2023-03,6.25,422,3899
102061,2023-04,15.08,12540,3335
102061,2023-05,1.58,17301,696
102061,2023-06,11.16,24798,2589
102061,2023-07,7.89,22829,303
102061,2023-08,14.87,35097,1209
102061,2023-09,3.85,7137,1317
102061,2023-10,9.12,13116,2125
102061,2023-11,0.6,17409,307
102061,2023-12,16.83,44034,2834
102061,2024-01,5.77,5546,1871
102061,2024-02,7.92,14212,3253
102061,2024-03,3.37,35744,3332
102061,2024-04,16.2,17065,185
102061,2024-05,2.4,7361,990
102061,2024-06,6.13,38326,3915
102185,2023-01,27.66,40609,133
102185,2023-02,3.69,11140,3230
102185,2023-03,3.15,9748,2422
102185,2023-04,15.86,12993,724
102185,2023-05,1.75,47702,1982
102185,2023-06,5.13,33756,2945
102185,2023-07,14.68,12473,2224
102185,2023-08,0.39,42471,4931
102185,2023-09,13.57,21926,4783
102185,2023-10,4.38,3333,4705
102185,2023-11,7.77,19148,268
102185,2023-12,13.53,41321,4032
102185,2024-01,4.76,7365,2744
102185,2024-02,2.25,49825,2832
102185,2024-03,16.15,36116,3729
102185,2024-04,1.54,2769,2549
102185,2024-05,22.52,42991,4232
102185,2024-06,40.13,48129,3655
102279,2023-01,4.68,25942,1204
102279,2023-02,3.49,46104,192
102279,2023-03,10.15,26158,4128
102279,2023-04,14.82,10310,1498
102279,2023-05,7.82,35171,1340
102279,2023-06,12.96,10785,3759
102279,2023-07,0.53,43834,2251
102279,2023-08,15.24,23186,3496
102279,2023-09,15.17,15720,2925
102279,2023-10,25.66,26815,3438
102279,2023-11,5.28,14411,228
102279,2023-12,7.95,15190,3444
102279,2024-01,3.28,32936,4079
102279,2024-02,34.83,9267,793
102279,2024-03,1.26,12673,3843
102279,2024-04,12.64,35447,3955
102279,2024-05,12.39,45653,973
102279,2024-06,0.88,40519,4099
102367,2023-01,9.92,5500,1761
102367,2023-02,6.99,19355,1598
102367,2023-03,3.09,1924,4121
102367,2023-04,21.71,16869,4935
102367,2023-05,15.26,29000,2066
102367,2023-06,1.25,25773,2404
102367,2023-07,1.27,15013,1849
102367,2023-08,3.92,45394,3959
102367,2023-09,17.17,27446,933
102367,2023-10,9.25,44216,2829
102367,2023-11,9.21,17547,3172
102367,2023-12,11.98,41009,1572
102367,2024-01,6.37,29729,4322
102367,2024-02,11.48,1653,1447
102367,2024-03,14.12,19099,4409
102367,2024-04,8.01,33453,3714
102367,2024-05,11.03,36250,3403
102367,2024-06,2.15,10479,1082
102484,2023-01,1.08,36991,3891
102484,2023-02,7.87,2960,2924
102484,2023-03,10.02,5161,4400
102484,2023-04,33.25,14430,3780
102484,2023-05,14.25,42147,2436
102484,2023-06,2.49,14037,4059
102484,2023-07,1.23,48421,174
102484,2023-08,3.07,508,3358
102484,2023-09,8.51,25305,1539
102484,2023-10,5.52,9086,983
102484,2023-11,27.54,13796,3861
102484,2023-12,5.77,29861,3951
102484,2024-01,7.64,40150,4717
102484,2024-02,22.26,38076,1130
102484,2024-03,7.9,6504,1570
102484,2024-04,8.41,40541,1418
102484,2024-05,4.56,41085,4179
102484,2024-06,40.05,43536,2377
102589,2023-01,4.75,6745,3079
102589,2023-02,0.16,24055,3326
102589,2023-03,6.67,3359,1311
102589,2023-04,0.07,43675,591
102589,2023-05,0.9,3099,2447
102589,2023-06,2.02,3831,3318
102589,2023-07,1.39,36495,4003
102589,2023-08,2.29,45414,102
102589,2023-09,12.54,28447,3606
102589,2023-10,1.78,34238,2492
102589,2023-11,3.68,31796,4321
102589,2023-12,22.01,6163,735
102589,2024-01,9.08,24512,4988
102589,2024-02,2.79,40824,515
102589,2024-03,11.15,36329,4413
102589,2024-04,7.7,46470,3897
102589,2024-05,0.32,46998,3575
102589,2024-06,2.51,6322,3860
102673,2023-01,22.48,12444,4999
102673,2023-02,8.12,37030,998
102673,2023-03,13.64,40190,4899
102673,2023-04,19.24,28875,4044
102673,2023-05,2.77,10138,4924
102673,2023-06,14.62,22627,866
102673,2023-07,2.53,15312,1930
102673,2023-08,11.16,17757,3368
102673,2023-09,24.49,31595,3648
102673,2023-10,5.65,14143,3929
102673,2023-11,1.95,22922,1197
102673,2023-12,34.24,27111,3107
102673,2024-01,5.42,2586,2390
102673,2024-02,5.6,45761,3328
102673,2024-03,2.72,1082,212
102673,2024-04,10.31,8249,2371
102673,2024-05,21.3,31820,964
102673,2024-06,9.64,33133,3705
102739,2023-01,9.01,28549,4763
102739,2023-02,3.08,1109,138
102739,2023-03,23.22,10629,4032
102739,2023-04,48.93,29901,4463
102739,2023-05,7.46,32399,4270
102739,2023-06,3.48,3236,1561
102739,2023-07,4.27,15081,4146
102739,2023-08,4.78,39662,1966
102739,2023-09,3.89,42754,3412
102739,2023-10,5.03,14871,4663
102739,2023-11,2.38,10965,3829
102739,2023-12,22.33,30248,4903
102739,2024-01,4.82,26706,515
102739,2024-02,9.02,36646,1035
102739,2024-03,10.82,13920,3214
102739,2024-04,24.64,9592,233
102739,2024-05,4.28,42390,3061
102739,2024-06,10.94,40682,3640
102836,2023-01,14.9,37992,2600
102836,2023-02,9.61,28132,4053
102836,2023-03,12.3,20747,4453
102836,2023-04,1.81,41702,4936
102836,2023-05,7.34,26536,2002
102836,2023-06,2.48,38466,232
102836,2023-07,4.35,33854,3923
102836,2023-08,5.86,25998,2706
102836,2023-09,2.16,8898,4541
102836,2023-10,7.51,38909,3151
102836,2023-11,23.74,27651,3522
102836,2023-12,9.32,24193,2374
102836,2024-01,3.58,2171,3507
102836,2024-02,9.13,31473,3216
102836,2024-03,0.55,15914,4962
102836,2024-04,6.94,35027,4427
102836,2024-05,43.16,36362,55
102836,2024-06,1.58,7801,404
102981,2023-01,24.62,16630,2160
102981,2023-02,4.4,34999,3745
102981,2023-03,0.79,42715,1298
102981,2023-04,18.73,15083,3580
102981,2023-05,12.55,934,2122
102981,2023-06,2.32,21165,2606
102981,2023-07,13.46,45573,4798
102981,2023-08,32.26,44439,4355
102981,2023-09,7.63,3920,153
102981,2023-10,1.34,41259,1343
102981,2023-11,0.17,24230,435
102981,2023-12,1.38,43930,2392
102981,2024-01,5.1,8769,1892
102981,2024-02,0.12,37031,791
102981,2024-03,4.63,28602,2028
102981,2024-04,23.65,46294,689
102981,2024-05,15.52,28658,4599
102981,2024-06,8.32,37332,2181
103067,2023-01,0.23,44292,1017
103067,2023-02,1.74,47663,2243
103067,2023-03,7.53,25924,2220
103067,2023-04,1.86,601,3731
103067,2023-05,2.72,2480,3210
103067,2023-06,1.33,6858,2068
103067,2023-07,8.68,42505,4837
103067,2023-08,19.49,49605,3173
103067,2023-09,1.8,10221,2339
103067,2023-10,1.79,42400,3709
103067,2023-11,4.18,38782,967
103067,2023-12,9.46,39931,986
103067,2024-01,35.76,33011,2666
103067,2024-02,44.7,44973,1566
103067,2024-03,29.94,25628,706
103067,2024-04,7.6,38768,3004
103067,2024-05,0.3,44846,1715
103067,2024-06,1.02,39375,2131
103193,2023-01,6.61,4988,1583
103193,2023-02,0.02,22359,2516
103193,2023-03,1.36,40372,3934
103193,2023-04,7.66,1466,65
103193,2023-05,17.6,24122,4729
103193,2023-06,0.85,47488,2409
103193,2023-07,19.35,18517,869
103193,2023-08,4.99,29293,4236
103193,2023-09,12.08,29269,2342
103193,2023-10,3.91,17689,1836
103193,2023-11,44.86,34388,4710
103193,2023-12,26.58,8325,4213
103193,2024-01,7.07,10771,3751
103193,2024-02,21.61,45126,4400
103193,2024-03,16.39,3347,1057
103193,2024-04,9.06,27037,1324
103193,2024-05,1.45,16086,2413
103193,2024-06,2.91,32669,3893
103291,2023-01,0.38,47598,1214
103291,2023-02,7.83,27163,3138
103291,2023-03,19.55,17645,1898
103291,2023-04,2.37,26890,3818
103291,2023-05,21.52,21187,1748
103291,2023-06,0.36,15541,4450
103291,2023-07,16.73,3733,2611
103291,2023-08,21.76,9915,2358
103291,2023-09,14.75,29196,928
103291,2023-10,14.84,21753,1411
103291,2023-11,26.18,45032,3105
103291,2023-12,0.61,5681,4662
103291,2024-01,0.5,40791,4050
103291,2024-02,1.35,47798,3767
103291,2024-03,1.57,15539,4229
103291,2024-04,17.41,20907,1208
103291,2024-05,4.16,41921,3520
103291,2024-06,11.37,33198,3997
103349,2023-01,4.46,36822,3201
103349,2023-02,7.33,22936,3254
103349,2023-03,11.11,35012,1054
103349,2023-04,43.93,34352,2253
103349,2023-05,0.99,31807,584
103349,2023-06,1.02,49283,1562
103349,2023-07,17.96,42087,3044
103349,2023-08,12.74,17911,1058
103349,2023-09,0.01,6166,1947
103349,2023-10,2.36,25809,2945
103349,2023-11,2.83,1715,309
103349,2023-12,1.24,12124,2198
103349,2024-01,17.35,45539,2628
103349,2024-02,5.25,34207,3118
103349,2024-03,8.1,6858,175
103349,2024-04,0.71,5104,4197
103349,2024-05,8.65,10616,4355
103349,2024-06,0.94,9817,789
103428,2023-01,1.19,4318,3853
103428,2023-02,0.94,46891,3091
103428,2023-03,7.17,42275,363
103428,2023-04,16.38,22477,457
103428,2023-05,2.67,40452,2255
103428,2023-06,37.1,24773,3177
103428,2023-07,9.52,35815,3290
103428,2023-08,7.77,8871,3954
103428,2023-09,10.77,12983,4236
103428,2023-10,15.44,12479,3354
103428,2023-11,0.34,3797,1833
103428,2023-12,3.17,45371,3821
103428,2024-01,0.66,29457,4282
103428,2024-02,4.13,25058,1491
103428,2024-03,15.86,15545,4165
103428,2024-04,44.18,9811,3771
103428,2024-05,5.55,18406,4366
103428,2024-06,1.83,26961,2373
103563,2023-01,31.0,16901,3975
103563,2023-02,13.95,4236,4235
103563,2023-03,1.25,43107,2886
103563,2023-04,2.22,23717,2342
103563,2023-05,1.06,39335,2106
103563,2023-06,52.22,18964,2425
103563,2023-07,18.89,33655,2240
103563,2023-08,12.37,37431,3912
103563,2023-09,14.06,25113,4158
103563,2023-10,0.69,7743,2332
103563,2023-11,19.14,12565,4527
103563,2023-12,22.73,15492,490
103563,2024-01,3.18,33921,4745
103563,2024-02,14.83,23382,4861
103563,2024-03,9.72,31772,4657
103563,2024-04,11.86,30839,3221
103563,2024-05,4.25,11337,4072
103563,2024-06,19.13,21175,4679
103671,2023-01,20.51,29154,2269
103671,2023-02,0.9,5988,601
103671,2023-03,1.87,40360,4491
103671,2023-04,24.16,43598,3476
103671,2023-05,8.7,17438,1896
103671,2023-06,9.63,47321,2017
103671,2023-07,1.73,33912,2411
103671,2023-08,18.08,26012,2704
103671,2023-09,6.05,27502,1046
103671,2023-10,8.55,18664,363
103671,2023-11,37.36,15542,3985
103671,2023-12,0.24,42579,3990
103671,2024-01,10.66,21219,4727
103671,2024-02,6.7,35914,2217
103671,2024-03,7.23,49338,1610
103671,2024-04,9.05,17646,3519
103671,2024-05,11.2,11981,4315
103671,2024-06,31.08,39185,3543
103725,2023-01,3.49,21357,3247
103725,2023-02,11.68,42001,4338
103725,2023-03,1.86,47541,615
103725,2023-04,4.01,3018,4152
103725,2023-05,4.87,46443,2562
103725,2023-06,3.93,7413,282
103725,2023-07,12.27,4209,3488
103725,2023-08,21.38,21562,887
103725,2023-09,18.06,45029,1274
103725,2023-10,11.74,39903,1526
103725,2023-11,12.14,24088,2454
103725,2023-12,19.54,26387,3561
103725,2024-01,7.56,9899,2531
103725,2024-02,0.01,39360,4861
103725,2024-03,21.65,40764,3578
103725,2024-04,9.15,13497,2068
103725,2024-05,0.44,49200,4219
103725,2024-06,7.85,14600,4393
103883,2023-01,0.2,42983,2197
103883,2023-02,10.24,20964,1887
103883,2023-03,6.14,38931,1752
103883,2023-04,0.4,35728,4497
103883,2023-05,15.02,48385,3390
103883,2023-06,14.01,48747,3442
103883,2023-07,14.59,15648,3764
103883,2023-08,4.3,23172,2651
103883,2023-09,2.7,46743,884
103883,2023-10,21.0,39035,1331
103883,2023-11,1.3,6655,3660
103883,2023-12,4.24,11096,3278
103883,2024-01,18.67,33472,4398
103883,2024-02,8.72,33901,2628
103883,2024-03,1.24,18420,1993
103883,2024-04,1.51,4290,405
103883,2024-05,7.86,31101,1619
103883,2024-06,13.93,14435,1924
103992,2023-01,2.55,43506,529
103992,2023-02,0.23,1884,4266
103992,2023-03,4.95,30065,4477
103992,2023-04,18.95,24256,4922
103992,2023-05,20.93,36198,4970
103992,2023-06,22.55,3205,4944
103992,2023-07,12.0,23755,2521
103992,2023-08,8.67,1457,4279
103992,2023-09,0.69,5190,2516
103992,2023-10,2.41,49324,2400
103992,2023-11,1.18,5141,2525
103992,2023-12,2.05,27940,4654
103992,2024-01,0.71,1641,2273
103992,2024-02,18.82,40479,4146
103992,2024-03,6.48,33438,377
103992,2024-04,21.9,9067,4100
103992,2024-05,34.85,2913,179
103992,2024-06,21.13,24726,1415
104018,2023-01,2.56,21221,3032
104018,2023-02,11.31,8698,1109
104018,2023-03,1.77,12097,4732
104018,2023-04,6.48,38482,2691
104018,2023-05,0.32,48260,4095
104018,2023-06,4.6,20205,3805
104018,2023-07,5.03,33782,2201
104018,2023-08,10.83,43069,2834
104018,2023-09,8.46,3389,302
104018,2023-10,13.7,20641,3078
104018,2023-11,0.08,47767,1523
104018,2023-12,2.85,33936,3143
104018,2024-01,12.39,32275,2408
104018,2024-02,11.45,38202,296
104018,2024-03,16.37,32926,1083
104018,2024-04,3.95,6841,1921
104018,2024-05,7.06,20962,2880
104018,2024-06,4.26,43462,3131
104145,2023-01,29.79,44857,129
104145,2023-02,1.11,17363,4399
104145,2023-03,0.73,13230,4820
104145,2023-04,6.49,15159,1632
104145,2023-05,14.8,2456,3599
104145,2023-06,12.11,32183,3222
104145,2023-07,19.25,29928,373
104145,2023-08,14.03,27960,2692
104145,2023-09,0.72,17845,762
104145,2023-10,2.53,32845,4660
104145,2023-11,29.81,39930,2838
104145,2023-12,0.45,43285,4875
104145,2024-01,1.09,22937,2212
104145,2024-02,8.27,17559,3892
104145,2024-03,9.67,40638,1522
104145,2024-04,31.23,44836,163
104145,2024-05,9.51,22807,842
104145,2024-06,4.87,28083,1194
104258,2023-01,13.16,12798,3241
104258,2023-02,24.72,6056,1880
104258,2023-03,20.38,37353,3698
104258,2023-04,5.09,17028,4480
104258,2023-05,8.94,34483,1225
104258,2023-06,5.07,37273,867
104258,2023-07,15.99,29819,2805
104258,2023-08,2.52,4298,2515
104258,2023-09,2.72,38970,3352
104258,2023-10,11.0,20384,2249
104258,2023-11,21.62,13888,4159
104258,2023-12,1.83,34164,2823
104258,2024-01,10.09,46318,3417
104258,2024-02,30.7,33545,1900
104258,2024-03,17.1,29071,3128
104258,2024-04,10.62,49007,1285
104258,2024-05,17.11,35350,3829
104258,2024-06,2.18,15110,4681
104307,2023-01,8.56,37308,2051
104307,2023-02,3.74,28588,2864
104307,2023-03,2.14,22763,2780
104307,2023-04,2.03,7696,587
104307,2023-05,0.52,26635,2305
104307,2023-06,7.02,1964,2813
104307,2023-07,17.87,4946,2108
104307,2023-08,7.6,34059,3662
104307,2023-09,52.98,1184,4225
104307,2023-10,3.7,420,4359
104307,2023-11,3.97,47167,3998
104307,2023-12,16.11,26247,2335
104307,2024-01,0.53,4625,2098
104307,2024-02,1.1,14899,4182
104307,2024-03,5.23,17643,3795
104307,2024-04,10.3,15465,1936
104307,2024-05,20.15,41301,4512
104307,2024-06,2.85,39436,4067
104481,2023-01,3.74,6618,547
104481,2023-02,6.66,42465,1231
104481,2023-03,26.89,46779,3051
104481,2023-04,14.99,26524,1233
104481,2023-05,19.84,33128,1486
104481,2023-06,3.83,48581,3248
104481,2023-07,4.82,9171,479
104481,2023-08,1.61,49253,4100
104481,2023-09,9.83,2219,2020
104481,2023-10,2.39,40190,2095
104481,2023-11,1.36,41245,1402
104481,2023-12,3.79,24036,1356
104481,2024-01,16.96,41461,3182
104481,2024-02,5.26,3861,2913
104481,2024-03,3.8,46359,3118
104481,2024-04,33.25,38546,1455
104481,2024-05,5.91,6413,4405
104481,2024-06,10.45,21899,4911
104524,2023-01,6.87,17350,1490
104524,2023-02,12.86,18242,4600
104524,2023-03,6.56,9281,4343
104524,2023-04,15.42,39425,3991
104524,2023-05,7.5,648,2509
104524,2023-06,3.71,242,2499
104524,2023-07,6.17,6205,3528
104524,2023-08,4.34,39941,3799
104524,2023-09,10.59,34941,4275
104524,2023-10,0.46,29609,3843
104524,2023-11,0.67,30074,3660
104524,2023-12,12.14,43531,4049
104524,2024-01,1.7,20688,2367
104524,2024-02,19.43,31649,612
104524,2024-03,6.87,9767,4398
104524,2024-04,13.48,23112,2052
104524,2024-05,37.97,37744,564
104524,2024-06,3.77,9210,1569
104657,2023-01,0.31,31682,3463
104657,2023-02,7.54,25244,3680
104657,2023-03,0.76,3982,2357
104657,2023-04,6.43,25058,1541
104657,2023-05,7.75,30066,4021
104657,2023-06,20.32,49491,1300
104657,2023-07,0.96,16866,4281
104657,2023-08,5.12,39746,4967
104657,2023-09,6.44,29692,1091
104657,2023-10,5.21,40718,3382
104657,2023-11,12.99,19345,4888
104657,2023-12,14.16,1753,4266
104657,2024-01,6.61,10203,1937
104657,2024-02,11.83,19144,3185
104657,2024-03,1.88,29065,1629
104657,2024-04,26.89,13505,1309
104657,2024-05,12.91,48530,4855
104657,2024-06,18.19,9710,478
104754,2023-01,4.15,13238,2817
104754,2023-02,6.51,49599,396
104754,2023-03,2.87,12140,4290
104754,2023-04,7.26,13642,2737
104754,2023-05,25.41,6804,3471
104754,2023-06,3.16,6939,2082
104754,2023-07,4.81,31819,1944
104754,2023-08,14.0,11493,1489
104754,2023-09,4.94,25765,4012
104754,2023-10,9.88,22964,4957
104754,2023-11,1.0,44025,1660
104754,2023-12,12.58,30383,769
104754,2024-01,8.27,31461,2282
104754,2024-02,9.74,26876,2613
104754,2024-03,18.17,29389,712
104754,2024-04,2.79,6446,2013
104754,2024-05,1.28,47880,3707
104754,2024-06,26.65,21596,81
104820,2023-01,5.02,37849,3492
104820,2023-02,22.07,9688,2676
104820,2023-03,12.95,44959,4345
104820,2023-04,14.95,9465,76
104820,2023-05,1.47,32457,533
104820,2023-06,7.65,29307,113
104820,2023-07,7.48,1940,2110
104820,2023-08,7.27,131,4432
104820,2023-09,1.28,43736,1665
104820,2023-10,0.58,46611,3286
104820,2023-11,4.15,40225,301
104820,2023-12,3.99,33357,2884
104820,2024-01,27.22,18323,2889
104820,2024-02,20.56,11574,1350
104820,2024-03,0.0,8171,2147
104820,2024-04,3.14,44963,3679
104820,2024-05,5.65,7805,1141
104820,2024-06,2.39,14780,1535
104970,2023-01,6.02,39984,3298
104970,2023-02,1.2,46543,4264
104970,2023-03,12.1,1697,1558
104970,2023-04,3.71,41643,2927
104970,2023-05,8.43,19265,871
104970,2023-06,4.42,28533,3861
104970,2023-07,3.89,8777,2070
104970,2023-08,1.57,5582,3959
104970,2023-09,27.18,49137,1423
104970,2023-10,33.53,33534,4510
104970,2023-11,14.99,19271,3138
104970,2023-12,27.51,13237,759
104970,2024-01,4.17,25929,1418
104970,2024-02,17.07,25219,563
104970,2024-03,6.94,22062,4295
104970,2024-04,14.0,8596,4323
104970,2024-05,10.01,24570,3487
104970,2024-06,7.73,41784,1148
105074,2023-01,28.74,38327,1108
105074,2023-02,1.2,8878,3281
105074,2023-03,0.21,39252,1037
105074,2023-04,26.43,22385,42
105074,2023-05,21.05,35142,1703
105074,2023-06,4.66,15303,1122
105074,2023-07,2.74,36294,2845
105074,2023-08,12.69,32649,3573
105074,2023-09,0.92,28810,623
105074,2023-10,8.33,13163,273
105074,2023-11,3.37,22931,3066
105074,2023-12,10.9,38630,4594
105074,2024-01,4.04,13813,1302
105074,2024-02,0.27,38326,843
105074,2024-03,15.54,38196,4608
105074,2024-04,35.99,6734,1314
105074,2024-05,2.17,21588,3612
105074,2024-06,1.21,4661,3085
105100,2023-01,26.12,7705,3511
105100,2023-02,9.22,17687,169
105100,2023-03,0.75,12052,4163
105100,2023-04,3.6,42695,3568
105100,2023-05,0.8,40440,1314
105100,2023-06,14.5,12151,692
105100,2023-07,6.25,19763,1707
105100,2023-08,15.59,31766,4190
105100,2023-09,1.16,2297,4340
105100,2023-10,19.87,9199,1679
105100,2023-11,0.76,6867,2132
105100,2023-12,4.62,36381,1491
105100,2024-01,17.4,8852,2261
105100,2024-02,1.77,37811,3924
105100,2024-03,10.94,19983,1831
105100,2024-04,2.16,14971,3643
105100,2024-05,3.59,25429,86
105100,2024-06,25.39,15115,94
105260,2023-01,0.08,46358,3106
105260,2023-02,2.93,26103,4202
105260,2023-03,1.7,4839,262
105260,2023-04,20.58,37742,1161
105260,2023-05,2.3,2362,3941
105260,2023-06,40.35,29989,3961
105260,2023-07,15.05,30057,4909
105260,2023-08,15.55,23313,3219
105260,2023-09,10.83,49797,846
105260,2023-10,22.98,21135,2812
105260,2023-11,3.21,20519,156
105260,2023-12,3.19,6861,4719
105260,2024-01,4.48,35051,1528
105260,2024-02,31.07,43932,1297
105260,2024-03,3.81,48373,729
105260,2024-04,6.26,713,2553
105260,2024-05,0.63,47397,818
105260,2024-06,25.45,48176,729
105369,2023-01,26.27,47324,1054
105369,2023-02,8.79,30369,306
105369,2023-03,2.01,8136,4752
105369,2023-04,2.55,36898,2176
105369,2023-05,17.85,30775,3383
105369,2023-06,1.51,1671,2440
105369,2023-07,5.28,11279,4557
105369,2023-08,2.93,33436,1928
105369,2023-09,3.7,33592,1047
105369,2023-10,18.84,20440,3807
105369,2023-11,25.7,23967,4445
105369,2023-12,6.11,23364,3011
105369,2024-01,4.53,12154,3091
105369,2024-02,5.07,2544,1514
105369,2024-03,14.7,46759,1943
105369,2024-04,2.91,27421,2273
105369,2024-05,7.72,1035,882
105369,2024-06,17.42,8127,4968
105484,2023-01,1.48,39476,4590
105484,2023-02,8.15,45590,3761
105484,2023-03,13.01,31831,4341
105484,2023-04,8.06,46324,4432
105484,2023-05,2.68,5360,1426
105484,2023-06,14.6,37398,2449
105484,2023-07,6.48,19689,2024
105484,2023-08,12.15,5848,4172
105484,2023-09,0.83,18083,4865
105484,2023-10,11.69,8417,3808
105484,2023-11,0.04,36654,4897
105484,2023-12,4.5,47064,1224
105484,2024-01,10.45,44690,186
105484,2024-02,22.61,44268,4339
105484,2024-03,16.14,18386,1378
105484,2024-04,5.26,12705,3961
105484,2024-05,5.09,15151,2066
105484,2024-06,2.92,13079,4989
105521,2023-01,0.3,3835,4531
105521,2023-02,9.19,25454,1648
105521,2023-03,12.57,37422,4196
105521,2023-04,14.24,48692,4968
105521,2023-05,1.65,46815,3190
105521,2023-06,9.91,49882,2372
105521,2023-07,23.15,49606,1900
105521,2023-08,3.1,36418,293
105521,2023-09,7.68,14805,3711
105521,2023-10,0.84,28078,2670
105521,2023-11,13.08,21956,2204
105521,2023-12,2.99,15667,215
105521,2024-01,4.06,44158,4146
105521,2024-02,4.59,35315,1592
105521,2024-03,4.1,1845,724
105521,2024-04,3.81,11492,1317
105521,2024-05,14.14,25645,120
105521,2024-06,17.25,23760,3260
105689,2023-01,0.99,5116,516
105689,2023-02,17.0,33322,2258
105689,2023-03,74.55,46361,4910
105689,2023-04,7.95,4793,4273
105689,2023-05,21.56,845,1287
105689,2023-06,3.1,21977,1681
105689,2023-07,5.27,15502,3754
105689,2023-08,6.5,6883,3319
105689,2023-09,1.43,37648,1381
105689,2023-10,13.85,46196,3469
105689,2023-11,2.62,324,1193
105689,2023-12,7.05,43078,3463
105689,2024-01,6.58,38517,1480
105689,2024-02,24.56,658,4609
105689,2024-03,2.94,24629,920
105689,2024-04,3.97,12877,904
105689,2024-05,33.75,4548,2701
105689,2024-06,13.1,22237,3305
105770,2023-01,32.93,25203,3957
105770,2023-02,22.48,32118,1165
105770,2023-03,21.54,34235,3146
105770,2023-04,9.43,44192,4823
105770,2023-05,7.8,41100,624
105770,2023-06,6.13,9772,3713
105770,2023-07,11.36,35903,1942
105770,2023-08,1.48,37106,320
105770,2023-09,1.57,7556,1576
105770,2023-10,8.65,42594,629
105770,2023-11,1.34,49430,1220
105770,2023-12,19.97,37035,2887
105770,2024-01,46.93,23242,3956
105770,2024-02,33.0,37394,3810
105770,2024-03,6.08,24699,3839
105770,2024-04,5.24,16109,636
105770,2024-05,11.29,34940,1420
105770,2024-06,13.81,47541,24
105835,2023-01,10.68,20776,1015
105835,2023-02,2.73,22899,832
105835,2023-03,7.71,47720,3909
105835,2023-04,3.0,46588,4833
105835,2023-05,5.49,9764,2519
105835,2023-06,49.56,30215,465
105835,2023-07,37.67,35865,4346
105835,2023-08,16.87,42498,3052
105835,2023-09,2.5,30171,1126
105835,2023-10,0.55,7597,3857
105835,2023-11,5.75,3495,3944
105835,2023-12,8.12,29634,1060
105835,2024-01,2.5,40902,2806
105835,2024-02,0.97,18759,4800
105835,2024-03,3.95,33432,3214
105835,2024-04,1.74,7694,4047
105835,2024-05,5.7,38808,3678
105835,2024-06,0.5,26500,208
105977,2023-01,1.25,4146,1127
105977,2023-02,1.12,23838,3533
105977,2023-03,33.7,47888,1899
105977,2023-04,13.38,26338,3693
105977,2023-05,2.64,22739,3089
105977,2023-06,12.17,29797,2488
105977,2023-07,3.64,32552,3690
105977,2023-08,4.54,22749,1377
105977,2023-09,7.59,11960,4717
105977,2023-10,7.44,40385,1926
105977,2023-11,1.43,34503,4849
105977,2023-12,1.94,49734,44
105977,2024-01,21.46,25723,2083
105977,2024-02,0.21,23920,4645
105977,2024-03,11.53,3991,842
105977,2024-04,23.62,41058,2290
105977,2024-05,2.81,38911,4699
105977,2024-06,12.92,46622,3730
106076,2023-01,2.32,24115,2750
106076,2023-02,13.48,40657,146
106076,2023-03,8.69,22293,419
106076,2023-04,2.27,18546,4067
106076,2023-05,3.32,33472,3110
106076,2023-06,18.01,33298,2810
106076,2023-07,33.88,1453,4562
106076,2023-08,0.32,19355,101
106076,2023-09,4.43,5977,1923
106076,2023-10,28.7,3013,460
106076,2023-11,2.61,962,2692
106076,2023-12,6.82,28238,4951
106076,2024-01,0.47,6045,3218
106076,2024-02,6.09,7182,3410
106076,2024-03,0.72,36881,1478
106076,2024-04,31.83,14744,4437
106076,2024-05,6.35,43978,3612
106076,2024-06,1.61,919,2637
106110,2023-01,4.75,45283,2957
106110,2023-02,1.65,18216,4691
106110,2023-03,4.13,45493,3353
106110,2023-04,1.56,5872,4758
106110,2023-05,7.86,26209,4888
106110,2023-06,10.91,2079,1880
106110,2023-07,20.15,876,4842
106110,2023-08,8.48,39342,4283
106110,2023-09,13.63,49811,3751
106110,2023-10,17.81,18702,4888
106110,2023-11,2.09,30565,1532
106110,2023-12,12.55,25489,1850
106110,2024-01,1.81,33715,918
106110,2024-02,6.4,46034,4149
106110,2024-03,2.93,24892,1936
106110,2024-04,9.53,37484,2314
106110,2024-05,7.67,45940,1579
106110,2024-06,23.08,10348,4544
106292,2023-01,17.92,24535,4087
106292,2023-02,31.68,2245,2174
106292,2023-03,6.02,1425,792
106292,2023-04,3.28,10672,4743
106292,2023-05,15.54,13276,3847
106292,2023-06,6.58,8159,1415
106292,2023-07,2.58,41677,1382
106292,2023-08,23.42,33636,3599
106292,2023-09,6.53,49476,3069
106292,2023-10,2.07,34757,1144
106292,2023-11,55.58,5215,1698
106292,2023-12,3.42,5120,2649
106292,2024-01,3.01,29211,1990
106292,2024-02,4.08,26520,4811
106292,2024-03,3.42,36037,4140
106292,2024-04,7.61,11440,1888
106292,2024-05,7.25,11677,2121
106292,2024-06,8.92,4483,3979
106346,2023-01,8.78,28071,2829
106346,2023-02,7.13,37483,1505
106346,2023-03,0.68,34088,3589
106346,2023-04,5.09,664,3272
106346,2023-05,11.68,34127,3813
106346,2023-06,0.03,45812,22
106346,2023-07,19.92,7697,4376
106346,2023-08,5.85,45061,599
106346,2023-09,0.25,20616,4309
106346,2023-10,16.5,353,3140
106346,2023-11,1.36,8603,3375
106346,2023-12,8.98,8649,4519
106346,2024-01,12.16,14520,735
106346,2024-02,6.46,33683,4640
106346,2024-03,0.71,22809,4976
106346,2024-04,3.89,8999,1703
106346,2024-05,0.44,33340,3245
106346,2024-06,17.8,43977,4323
106490,2023-01,43.87,11041,610
106490,2023-02,5.07,41150,2058
106490,2023-03,22.15,15675,1277
106490,2023-04,10.08,28684,2687
106490,2023-05,4.65,921,2796
106490,2023-06,9.43,25745,26
106490,2023-07,21.56,44867,2338
106490,2023-08,7.5,14653,229
106490,2023-09,20.08,17956,839
106490,2023-10,1.06,2796,4997
106490,2023-11,9.51,43127,824
106490,2023-12,40.95,35909,2554
106490,2024-01,9.31,19025,3172
106490,2024-02,1.58,1876,4900
106490,2024-03,0.25,15899,3554
106490,2024-04,25.17,26003,609
106490,2024-05,1.35,22275,1216
106490,2024-06,4.62,834,1852
106543,2023-01,10.78,3761,4306
106543,2023-02,8.34,19265,2387
106543,2023-03,2.87,34539,1246
106543,2023-04,4.15,48286,3298
106543,2023-05,6.87,25687,3461
106543,2023-06,5.48,10677,4954
106543,2023-07,1.83,43345,1143
106543,2023-08,23.49,18506,4377
106543,2023-09,5.13,35629,4776
106543,2023-10,1.07,32305,4507
106543,2023-11,9.71,37541,1260
106543,2023-12,11.64,7529,2605
106543,2024-01,4.12,46195,4634
106543,2024-02,8.45,9693,4996
106543,2024-03,9.11,34734,2350
106543,2024-04,1.52,7175,236
106543,2024-05,11.9,35308,4692
106543,2024-06,17.49,28070,2015
106692,2023-01,7.68,41944,779
106692,2023-02,1.3,48192,3451
106692,2023-03,9.0,964,478
106692,2023-04,3.0,44575,4867
106692,2023-05,8.07,28279,2839
106692,2023-06,5.44,22107,2113
106692,2023-07,7.88,22390,1296
106692,2023-08,1.88,35685,3382
106692,2023-09,7.56,27864,1298
106692,2023-10,31.69,47227,2366
106692,2023-11,19.36,41009,2808
106692,2023-12,2.33,10099,1392
106692,2024-01,10.12,2455,4763
106692,2024-02,0.11,11270,4935
106692,2024-03,6.27,16506,3981
106692,2024-04,4.98,41249,4281
106692,2024-05,3.89,18672,928
106692,2024-06,9.48,3840,2509
106731,2023-01,1.69,11158,3898
106731,2023-02,5.13,20081,4425
106731,2023-03,3.12,20872,1730
106731,2023-04,12.47,47944,200
106731,2023-05,24.82,32296,4874
106731,2023-06,21.97,23628,389
106731,2023-07,7.86,27458,2556
106731,2023-08,26.06,39274,2952
106731,2023-09,22.58,14584,1539
106731,2023-10,3.9,28268,901
106731,2023-11,14.92,19730,3981
106731,2023-12,1.67,31869,3428
106731,2024-01,23.72,49223,3487
106731,2024-02,1.42,43553,2913
106731,2024-03,3.95,45304,1492
106731,2024-04,1.23,17959,3150
106731,2024-05,8.31,42693,3075
106731,2024-06,4.56,37837,2463
106837,2023-01,21.36,32827,19
106837,2023-02,8.82,49517,2666
106837,2023-03,10.04,35106,4068
106837,2023-04,7.75,21586,2613
106837,2023-05,11.56,21508,3943
106837,2023-06,6.71,2321,2647
106837,2023-07,24.21,27872,3342
106837,2023-08,2.33,40372,4182
106837,2023-09,1.61,5280,132
106837,2023-10,10.59,26843,2092
106837,2023-11,15.38,8954,1026
106837,2023-12,9.68,19782,653
106837,2024-01,5.05,928,559
106837,2024-02,1.21,12710,3058
106837,2024-03,13.95,494,4092
106837,2024-04,0.9,49842,2156
106837,2024-05,5.21,12944,643
106837,2024-06,15.14,4729,2599
106971,2023-01,8.46,36275,754
106971,2023-02,2.34,18569,3473
106971,2023-03,8.78,19317,4661
106971,2023-04,5.18,29089,2543
106971,2023-05,2.0,47624,3405
106971,2023-06,6.27,35120,1866
106971,2023-07,30.65,13255,2412
106971,2023-08,1.69,47276,954
106971,2023-09,3.13,29736,3461
106971,2023-10,5.03,29549,3183
106971,2023-11,1.22,26234,2870
106971,2023-12,1.65,29432,1196
106971,2024-01,3.92,41849,1031
106971,2024-02,8.44,14407,2939
106971,2024-03,12.41,15027,42
106971,2024-04,36.02,30659,1268
106971,2024-05,5.32,18363,1746
106971,2024-06,5.15,22083,1503
107091,2023-01,23.34,28260,4890
107091,2023-02,46.86,9432,229
107091,2023-03,5.79,6072,4341
107091,2023-04,0.6,18746,2618
107091,2023-05,41.5,33154,4113
107091,2023-06,28.59,7887,43
107091,2023-07,4.33,46096,2330
107091,2023-08,2.88,41069,4655
107091,2023-09,12.58,10832,2587
107091,2023-10,8.98,37445,3461
107091,2023-11,7.48,48016,954
107091,2023-12,3.1,42989,2309
107091,2024-01,2.17,19606,497
107091,2024-02,0.36,26099,4601
107091,2024-03,12.26,4335,4529
107091,2024-04,2.03,40757,3158
107091,2024-05,0.27,16980,4726
107091,2024-06,0.79,7123,4773
107163,2023-01,1.1,47152,4567
107163,2023-02,2.69,16860,4690
107163,2023-03,1.54,13945,3119
107163,2023-04,14.03,24040,3150
107163,2023-05,1.4,26916,746
107163,2023-06,21.43,42072,4748
107163,2023-07,26.99,24121,1029
107163,2023-08,23.29,10180,2836
107163,2023-09,9.17,867,249
107163,2023-10,4.16,40382,4017
107163,2023-11,2.9,12207,3841
107163,2023-12,4.23,13915,2366
107163,2024-01,16.43,29576,3794
107163,2024-02,44.35,27614,4929
107163,2024-03,27.66,28411,4645
107163,2024-04,1.25,1371,444
107163,2024-05,0.38,49050,271
107163,2024-06,15.03,8953,1738
107297,2023-01,17.04,45578,676
107297,2023-02,13.24,28822,1265
107297,2023-03,11.9,4592,1285
107297,2023-04,12.79,26902,1341
107297,2023-05,2.0,6504,4318
107297,2023-06,11.29,47593,309
107297,2023-07,6.66,28564,3777
107297,2023-08,37.54,14283,3128
107297,2023-09,17.21,31053,3816
107297,2023-10,4.53,45800,2522
107297,2023-11,20.45,43894,2575
107297,2023-12,31.4,19929,1327
107297,2024-01,4.7,39664,4634
107297,2024-02,13.85,15169,4406
107297,2024-03,6.72,34181,1509
107297,2024-04,12.79,37225,123
107297,2024-05,23.17,27815,897
107297,2024-06,22.32,3044,2642
107329,2023-01,11.91,34129,4963
107329,2023-02,44.5,43178,648
107329,2023-03,0.03,30593,1962
107329,2023-04,9.91,16825,599
107329,2023-05,36.77,34683,2544
107329,2023-06,17.68,18689,1333
107329,2023-07,2.83,9165,2675
107329,2023-08,21.93,24045,4878
107329,2023-09,5.17,10350,4133
107329,2023-10,1.69,15980,1491
107329,2023-11,19.7,42606,2998
107329,2023-12,4.34,46862,2512
107329,2024-01,15.82,41545,718
107329,2024-02,7.81,36022,1639
107329,2024-03,20.51,2630,3766
107329,2024-04,22.12,29360,2941
107329,2024-05,11.07,49184,821
107329,2024-06,28.69,354,2147
107452,2023-01,6.74,17546,128
107452,2023-02,1.15,38641,1937
107452,2023-03,7.27,7350,575
107452,2023-04,1.62,49677,1777
107452,2023-05,2.57,34337,3177
107452,2023-06,10.88,28875,2303
107452,2023-07,13.83,2008,3221
107452,2023-08,5.12,7036,851
107452,2023-09,20.25,28298,3886
107452,2023-10,3.88,37852,964
107452,2023-11,6.85,45170,3583
107452,2023-12,2.09,43921,2438
107452,2024-01,5.21,47630,1384
107452,2024-02,2.23,21523,4869
107452,2024-03,13.27,20843,822
107452,2024-04,12.54,32337,274
107452,2024-05,7.24,42843,1024
107452,2024-06,0.14,47336,4027
107503,2023-01,15.29,47099,3503
107503,2023-02,8.59,23257,2853
107503,2023-03,11.42,28089,1277
107503,2023-04,1.93,30705,4148
107503,2023-05,2.96,4550,2538
107503,2023-06,15.41,7058,4423
107503,2023-07,2.62,187,1510
107503,2023-08,15.14,24296,3385
107503,2023-09,7.66,1356,496
107503,2023-10,19.14,27773,2082
107503,2023-11,8.22,18258,1712
107503,2023-12,39.66,9823,4056
107503,2024-01,12.86,12648,1139
107503,2024-02,17.16,11286,629
107503,2024-03,10.01,33148,32
107503,2024-04,16.27,3491,4142
107503,2024-05,1.33,18334,1617
107503,2024-06,0.03,42910,4366
107690,2023-01,4.06,9654,1802
107690,2023-02,9.57,46672,2652
107690,2023-03,0.44,49517,4649
107690,2023-04,17.73,9656,811
107690,2023-05,28.25,8652,2185
107690,2023-06,1.03,24905,1528
107690,2023-07,6.72,7861,527
107690,2023-08,1.61,26830,3242
107690,2023-09,0.69,27781,2712
107690,2023-10,12.24,14099,976
107690,2023-11,6.51,19721,4854
107690,2023-12,5.64,25605,4176
107690,2024-01,7.65,30368,3265
107690,2024-02,5.56,40153,3965
107690,2024-03,9.05,1934,2068
107690,2024-04,2.14,20867,2249
107690,2024-05,8.87,47016,2373
107690,2024-06,17.24,29274,2592
107742,2023-01,1.93,2810,2052
107742,2023-02,8.5,667,2896
107742,2023-03,1.35,18291,392
107742,2023-04,0.99,1059,1053
107742,2023-05,0.01,22868,596
107742,2023-06,4.77,40050,4138
107742,2023-07,2.58,29553,1783
107742,2023-08,2.92,13696,4595
107742,2023-09,5.02,25834,1242
107742,2023-10,24.15,21430,1326
107742,2023-11,4.71,27427,2167
107742,2023-12,2.6,24719,622
107742,2024-01,6.98,32716,4564
107742,2024-02,12.17,44460,4154
107742,2024-03,5.14,16394,829
107742,2024-04,8.58,39467,1357
107742,2024-05,0.81,32899,4612
107742,2024-06,16.42,8839,181
107802,2023-01,4.22,22592,3964
107802,2023-02,0.27,17922,2329
107802,2023-03,16.2,14912,3228
107802,2023-04,7.32,9564,2428
107802,2023-05,10.77,35888,2232
107802,2023-06,22.4,34827,3260
107802,2023-07,19.89,18310,3529
107802,2023-08,1.57,12969,4573
107802,2023-09,24.9,32032,2740
107802,2023-10,3.66,7175,2722
107802,2023-11,1.06,15030,447
107802,2023-12,4.6,47482,1568
107802,2024-01,10.14,2597,3472
107802,2024-02,16.5,21969,2485
107802,2024-03,7.16,42381,2156
107802,2024-04,2.36,5593,2098
107802,2024-05,10.68,31012,2085
107802,2024-06,17.76,2311,4230
107910,2023-01,10.43,10194,828
107910,2023-02,2.78,10918,4333
107910,2023-03,1.71,11231,2726
107910,2023-04,2.41,6384,1726
107910,2023-05,15.1,46033,2400
107910,2023-06,1.55,17896,3682
107910,2023-07,0.81,38495,1765
107910,2023-08,2.43,43788,4118
107910,2023-09,9.17,38098,3675
107910,2023-10,28.5,13502,44
107910,2023-11,7.68,9959,4443
107910,2023-12,6.22,3441,2828
107910,2024-01,6.96,3814,2036
107910,2024-02,5.37,4078,3390
107910,2024-03,1.98,45198,1465
107910,2024-04,15.75,40760,701
107910,2024-05,14.19,7832,1618
107910,2024-06,2.62,766,1514
